,stco,geoid,name,2000,2010
0,9001,900100000,"County subdivisions not defined, Fairfield County, Connecticut",0,0
1,9001,900104720,"Bethel town, Fairfield County, Connecticut",6505,6938
2,9001,900108070,"Bridgeport town, Fairfield County, Connecticut",50307,51255
3,9001,900108980,"Brookfield town, Fairfield County, Connecticut",5572,6129
4,9001,900118500,"Danbury town, Fairfield County, Connecticut",27183,28907
5,9001,900118850,"Darien town, Fairfield County, Connecticut",6592,6698
6,9001,900123890,"Easton town, Fairfield County, Connecticut",2465,2577
7,9001,900126620,"Fairfield town, Fairfield County, Connecticut",20397,20457
8,9001,900133620,"Greenwich town, Fairfield County, Connecticut",23230,23076
9,9001,900148620,"Monroe town, Fairfield County, Connecticut",6481,6735
10,9001,900150580,"New Canaan town, Fairfield County, Connecticut",6822,7010
11,9001,900150860,"New Fairfield town, Fairfield County, Connecticut",4638,4802
12,9001,900152980,"Newtown town, Fairfield County, Connecticut",8325,9459
13,9001,900156060,"Norwalk town, Fairfield County, Connecticut",32711,33217
14,9001,900163480,"Redding town, Fairfield County, Connecticut",2918,3470
15,9001,900163970,"Ridgefield town, Fairfield County, Connecticut",8433,8801
16,9001,900168170,"Shelton town, Fairfield County, Connecticut",14190,15325
17,9001,900168310,"Sherman town, Fairfield County, Connecticut",1434,1388
18,9001,900173070,"Stamford town, Fairfield County, Connecticut",45399,47357
19,9001,900174190,"Stratford town, Fairfield County, Connecticut",19898,20095
20,9001,900177200,"Trumbull town, Fairfield County, Connecticut",11911,12725
21,9001,900183430,"Weston town, Fairfield County, Connecticut",3312,3379
22,9001,900183500,"Westport town, Fairfield County, Connecticut",9586,9573
23,9001,900186370,"Wilton town, Fairfield County, Connecticut",5923,6172
24,9005,900502760,"Barkhamsted town, Litchfield County, Connecticut",1334,1452
25,9005,900504930,"Bethlehem town, Litchfield County, Connecticut",1246,1411
26,9005,900508210,"Bridgewater town, Litchfield County, Connecticut",703,735
27,9005,900510940,"Canaan town, Litchfield County, Connecticut",445,583
28,9005,900516050,"Colebrook town, Litchfield County, Connecticut",566,589
29,9005,900517240,"Cornwall town, Litchfield County, Connecticut",615,628
30,9005,900532290,"Goshen town, Litchfield County, Connecticut",1066,1192
31,9005,900537280,"Harwinton town, Litchfield County, Connecticut",1958,2170
32,9005,900540290,"Kent town, Litchfield County, Connecticut",1143,1246
33,9005,900543370,"Litchfield town, Litchfield County, Connecticut",3310,3459
34,9005,900549460,"Morris town, Litchfield County, Connecticut",912,958
35,9005,900551350,"New Hartford town, Litchfield County, Connecticut",2228,2632
36,9005,900552630,"New Milford town, Litchfield County, Connecticut",10018,10618
37,9005,900553470,"Norfolk town, Litchfield County, Connecticut",676,720
38,9005,900554030,"North Canaan town, Litchfield County, Connecticut",1343,1400
39,9005,900560750,"Plymouth town, Litchfield County, Connecticut",4453,4803
40,9005,900565930,"Roxbury town, Litchfield County, Connecticut",848,936
41,9005,900566420,"Salisbury town, Litchfield County, Connecticut",1737,1693
42,9005,900567960,"Sharon town, Litchfield County, Connecticut",1246,1250
43,9005,900575730,"Thomaston town, Litchfield County, Connecticut",2916,3108
44,9005,900576570,"Torrington town, Litchfield County, Connecticut",14743,15243
45,9005,900579510,"Warren town, Litchfield County, Connecticut",497,601
46,9005,900579720,"Washington town, Litchfield County, Connecticut",1416,1512
47,9005,900580490,"Watertown town, Litchfield County, Connecticut",8046,8672
48,9005,900586440,"Winchester town, Litchfield County, Connecticut",4371,4815
49,9005,900587910,"Woodbury town, Litchfield County, Connecticut",3715,4214
50,9009,900900000,"County subdivisions not defined, New Haven County, Connecticut",0,0
51,9009,900901220,"Ansonia town, New Haven County, Connecticut",7507,7510
52,9009,900903250,"Beacon Falls town, New Haven County, Connecticut",2032,2360
53,9009,900904580,"Bethany town, New Haven County, Connecticut",1755,1971
54,9009,900907310,"Branford town, New Haven County, Connecticut",12543,12739
55,9009,900914160,"Cheshire town, New Haven County, Connecticut",9349,10041
56,9009,900919550,"Derby town, New Haven County, Connecticut",5252,5388
57,9009,900922910,"East Haven town, New Haven County, Connecticut",11219,11756
58,9009,900934950,"Guilford town, New Haven County, Connecticut",8151,8715
59,9009,900935650,"Hamden town, New Haven County, Connecticut",22408,23727
60,9009,900944560,"Madison town, New Haven County, Connecticut",6515,6971
61,9009,900946520,"Meriden town, New Haven County, Connecticut",22951,23977
62,9009,900946940,"Middlebury town, New Haven County, Connecticut",2398,2748
63,9009,900947535,"Milford town, New Haven County, Connecticut",20900,21708
64,9009,900949950,"Naugatuck town, New Haven County, Connecticut",11829,12339
65,9009,900952070,"New Haven town, New Haven County, Connecticut",47094,48877
66,9009,900953890,"North Branford town, New Haven County, Connecticut",5132,5441
67,9009,900954870,"North Haven town, New Haven County, Connecticut",8597,9135
68,9009,900957600,"Orange town, New Haven County, Connecticut",4739,5123
69,9009,900958300,"Oxford town, New Haven County, Connecticut",3343,4504
70,9009,900962290,"Prospect town, New Haven County, Connecticut",3020,3357
71,9009,900967610,"Seymour town, New Haven County, Connecticut",6155,6654
72,9009,900969640,"Southbury town, New Haven County, Connecticut",7225,8213
73,9009,900978740,"Wallingford town, New Haven County, Connecticut",16697,18032
74,9009,900980070,"Waterbury town, New Haven County, Connecticut",42622,42761
75,9009,900982870,"West Haven town, New Haven County, Connecticut",21090,21112
76,9009,900987560,"Wolcott town, New Haven County, Connecticut",5414,6007
77,9009,900987700,"Woodbridge town, New Haven County, Connecticut",3103,3336
78,34003,3400300700,"Allendale borough, Bergen County, New Jersey",2110,2236
79,34003,3400301090,"Alpine borough, Bergen County, New Jersey",708,611
80,34003,3400305170,"Bergenfield borough, Bergen County, New Jersey",8981,8852
81,34003,3400306490,"Bogota borough, Bergen County, New Jersey",2874,2773
82,34003,3400310480,"Carlstadt borough, Bergen County, New Jersey",2393,2378
83,34003,3400313570,"Cliffside Park borough, Bergen County, New Jersey",10027,9948
84,34003,3400313810,"Closter borough, Bergen County, New Jersey",2789,2747
85,34003,3400315820,"Cresskill borough, Bergen County, New Jersey",2630,3002
86,34003,3400317530,"Demarest borough, Bergen County, New Jersey",1601,1597
87,34003,3400318400,"Dumont borough, Bergen County, New Jersey",6370,6364
88,34003,3400319510,"East Rutherford borough, Bergen County, New Jersey",3644,3792
89,34003,3400320020,"Edgewater borough, Bergen County, New Jersey",3836,5637
90,34003,3400321300,"Elmwood Park borough, Bergen County, New Jersey",7089,7032
91,34003,3400321450,"Emerson borough, Bergen County, New Jersey",2373,2480
92,34003,3400321480,"Englewood city, Bergen County, New Jersey",9273,10057
93,34003,3400321510,"Englewood Cliffs borough, Bergen County, New Jersey",1818,1824
94,34003,3400322470,"Fair Lawn borough, Bergen County, New Jersey",11806,11930
95,34003,3400322560,"Fairview borough, Bergen County, New Jersey",4861,4853
96,34003,3400324420,"Fort Lee borough, Bergen County, New Jersey",16544,16371
97,34003,3400324990,"Franklin Lakes borough, Bergen County, New Jersey",3322,3527
98,34003,3400325770,"Garfield city, Bergen County, New Jersey",11250,11073
99,34003,3400326640,"Glen Rock borough, Bergen County, New Jersey",3977,3917
100,34003,3400328680,"Hackensack city, Bergen County, New Jersey",18113,18142
101,34003,3400330150,"Harrington Park borough, Bergen County, New Jersey",1563,1592
102,34003,3400330420,"Hasbrouck Heights borough, Bergen County, New Jersey",4521,4433
103,34003,3400330540,"Haworth borough, Bergen County, New Jersey",1134,1110
104,34003,3400331920,"Hillsdale borough, Bergen County, New Jersey",3502,3493
105,34003,3400332310,"Ho-Ho-Kus borough, Bergen County, New Jersey",1433,1401
106,34003,3400340020,"Leonia borough, Bergen County, New Jersey",3271,3284
107,34003,3400340680,"Little Ferry borough, Bergen County, New Jersey",4366,4239
108,34003,3400341100,"Lodi borough, Bergen County, New Jersey",9528,9471
109,34003,3400342090,"Lyndhurst township, Bergen County, New Jersey",7877,8337
110,34003,3400342750,"Mahwah township, Bergen County, New Jersey",9340,9505
111,34003,3400344880,"Maywood borough, Bergen County, New Jersey",3710,3649
112,34003,3400346110,"Midland Park borough, Bergen County, New Jersey",2613,2756
113,34003,3400347610,"Montvale borough, Bergen County, New Jersey",2509,2778
114,34003,3400347700,"Moonachie borough, Bergen County, New Jersey",1041,1005
115,34003,3400351660,"New Milford borough, Bergen County, New Jersey",6346,6141
116,34003,3400352320,"North Arlington borough, Bergen County, New Jersey",6392,6295
117,34003,3400353430,"Northvale borough, Bergen County, New Jersey",1575,1564
118,34003,3400353610,"Norwood borough, Bergen County, New Jersey",1857,1927
119,34003,3400353850,"Oakland borough, Bergen County, New Jersey",4255,4335
120,34003,3400354870,"Old Tappan borough, Bergen County, New Jersey",1778,1931
121,34003,3400354990,"Oradell borough, Bergen County, New Jersey",2789,2749
122,34003,3400355770,"Palisades Park borough, Bergen County, New Jersey",6247,6934
123,34003,3400355950,"Paramus borough, Bergen County, New Jersey",8082,8630
124,34003,3400356130,"Park Ridge borough, Bergen County, New Jersey",3161,3283
125,34003,3400361680,"Ramsey borough, Bergen County, New Jersey",5313,5363
126,34003,3400362910,"Ridgefield borough, Bergen County, New Jersey",4020,3905
127,34003,3400362940,"Ridgefield Park village, Bergen County, New Jersey",5012,4851
128,34003,3400363000,"Ridgewood village, Bergen County, New Jersey",8603,8456
129,34003,3400363360,"River Edge borough, Bergen County, New Jersey",4165,4134
130,34003,3400363690,"River Vale township, Bergen County, New Jersey",3275,3421
131,34003,3400363990,"Rochelle Park township, Bergen County, New Jersey",2061,2087
132,34003,3400364170,"Rockleigh borough, Bergen County, New Jersey",74,75
133,34003,3400365280,"Rutherford borough, Bergen County, New Jersey",7055,6949
134,34003,3400365340,"Saddle Brook township, Bergen County, New Jersey",5062,5286
135,34003,3400365400,"Saddle River borough, Bergen County, New Jersey",1118,1216
136,34003,3400368970,"South Hackensack township, Bergen County, New Jersey",811,845
137,34003,3400372360,"Teaneck township, Bergen County, New Jersey",13418,13470
138,34003,3400372420,"Tenafly borough, Bergen County, New Jersey",4774,4766
139,34003,3400372480,"Teterboro borough, Bergen County, New Jersey",7,25
140,34003,3400375140,"Upper Saddle River borough, Bergen County, New Jersey",2497,2639
141,34003,3400376400,"Waldwick borough, Bergen County, New Jersey",3428,3420
142,34003,3400376490,"Wallington borough, Bergen County, New Jersey",4752,4637
143,34003,3400377135,"Washington township, Bergen County, New Jersey",3219,3261
144,34003,3400380270,"Westwood borough, Bergen County, New Jersey",4485,4438
145,34003,3400382300,"Woodcliff Lake borough, Bergen County, New Jersey",1824,1916
146,34003,3400382570,"Wood-Ridge borough, Bergen County, New Jersey",3024,2939
147,34003,3400383050,"Wyckoff township, Bergen County, New Jersey",5541,5646
148,34013,3401304695,"Belleville township, Essex County, New Jersey",13731,13395
149,34013,3401306260,"Bloomfield township, Essex County, New Jersey",19017,18387
150,34013,3401309250,"Caldwell borough, Essex County, New Jersey",3311,3359
151,34013,3401311200,"Cedar Grove township, Essex County, New Jersey",4403,4523
152,34013,3401313045,"City of Orange township, Essex County, New Jersey",11885,11202
153,34013,3401319390,"East Orange city, Essex County, New Jersey",26024,24945
154,34013,3401321840,"Essex Fells borough, Essex County, New Jersey",737,728
155,34013,3401322385,"Fairfield township, Essex County, New Jersey",2296,2645
156,34013,3401326610,"Glen Ridge borough, Essex County, New Jersey",2458,2476
157,34013,3401334450,"Irvington township, Essex County, New Jersey",22032,20093
158,34013,3401340890,"Livingston township, Essex County, New Jersey",9300,9990
159,34013,3401343800,"Maplewood township, Essex County, New Jersey",8452,8240
160,34013,3401346380,"Millburn township, Essex County, New Jersey",7015,6813
161,34013,3401347500,"Montclair township, Essex County, New Jersey",15020,15089
162,34013,3401351000,"Newark city, Essex County, New Jersey",91382,94542
163,34013,3401352620,"North Caldwell borough, Essex County, New Jersey",2070,2092
164,34013,3401353680,"Nutley township, Essex County, New Jersey",10884,11314
165,34013,3401364590,"Roseland borough, Essex County, New Jersey",2142,2345
166,34013,3401369274,"South Orange Village township, Essex County, New Jersey",5522,5516
167,34013,3401375815,"Verona township, Essex County, New Jersey",5585,5315
168,34013,3401378510,"West Caldwell township, Essex County, New Jersey",3990,3913
169,34013,3401379800,"West Orange township, Essex County, New Jersey",16480,16790
170,34017,3401703580,"Bayonne city, Hudson County, New Jersey",25545,25237
171,34017,3401719360,"East Newark borough, Hudson County, New Jersey",767,759
172,34017,3401728650,"Guttenberg town, Hudson County, New Jersey",4493,4473
173,34017,3401730210,"Harrison town, Hudson County, New Jersey",5136,4869
174,34017,3401732250,"Hoboken city, Hudson County, New Jersey",19418,25041
175,34017,3401736000,"Jersey City city, Hudson County, New Jersey",88632,96859
176,34017,3401736510,"Kearny town, Hudson County, New Jersey",13539,13462
177,34017,3401752470,"North Bergen township, Hudson County, New Jersey",21236,22062
178,34017,3401766570,"Secaucus town, Hudson County, New Jersey",6214,6297
179,34017,3401774630,"Union City city, Hudson County, New Jersey",22872,22814
180,34017,3401777930,"Weehawken township, Hudson County, New Jersey",5975,5712
181,34017,3401779610,"West New York town, Hudson County, New Jersey",16719,18852
182,34019,3401900550,"Alexandria township, Hunterdon County, New Jersey",1535,1758
183,34019,3401905650,"Bethlehem township, Hunterdon County, New Jersey",1266,1344
184,34019,3401906370,"Bloomsbury borough, Hunterdon County, New Jersey",322,337
185,34019,3401909280,"Califon borough, Hunterdon County, New Jersey",401,394
186,34019,3401913720,"Clinton town, Hunterdon County, New Jersey",1068,1057
187,34019,3401913750,"Clinton township, Hunterdon County, New Jersey",4129,4568
188,34019,3401917170,"Delaware township, Hunterdon County, New Jersey",1643,1788
189,34019,3401918820,"East Amwell township, Hunterdon County, New Jersey",1581,1518
190,34019,3401923700,"Flemington borough, Hunterdon County, New Jersey",1804,1815
191,34019,3401924870,"Franklin township, Hunterdon County, New Jersey",1091,1137
192,34019,3401925350,"Frenchtown borough, Hunterdon County, New Jersey",613,596
193,34019,3401926550,"Glen Gardner borough, Hunterdon County, New Jersey",805,768
194,34019,3401929460,"Hampton borough, Hunterdon County, New Jersey",559,570
195,34019,3401931320,"High Bridge borough, Hunterdon County, New Jersey",1428,1418
196,34019,3401932460,"Holland township, Hunterdon County, New Jersey",1881,1972
197,34019,3401937065,"Kingwood township, Hunterdon County, New Jersey",1340,1446
198,34019,3401938610,"Lambertville city, Hunterdon County, New Jersey",1860,1958
199,34019,3401939630,"Lebanon borough, Hunterdon County, New Jersey",458,602
200,34019,3401939660,"Lebanon township, Hunterdon County, New Jersey",1963,2296
201,34019,3401946260,"Milford borough, Hunterdon County, New Jersey",469,520
202,34019,3401961920,"Raritan township, Hunterdon County, New Jersey",6939,8056
203,34019,3401962250,"Readington township, Hunterdon County, New Jersey",5676,5971
204,34019,3401970980,"Stockton borough, Hunterdon County, New Jersey",246,237
205,34019,3401972510,"Tewksbury township, Hunterdon County, New Jersey",1986,2189
206,34019,3401974420,"Union township, Hunterdon County, New Jersey",1666,1752
207,34019,3401978230,"West Amwell township, Hunterdon County, New Jersey",949,1102
208,34021,3402119780,"East Windsor township, Mercer County, New Jersey",9448,10224
209,34021,3402122185,"Ewing township, Mercer County, New Jersey",12551,13171
210,34021,3402129310,"Hamilton township, Mercer County, New Jersey",33523,34534
211,34021,3402131620,"Hightstown borough, Mercer County, New Jersey",2001,1976
212,34021,3402133150,"Hopewell borough, Mercer County, New Jersey",813,778
213,34021,3402133180,"Hopewell township, Mercer County, New Jersey",5498,6282
214,34021,3402139510,"Lawrence township, Mercer County, New Jersey",10797,12524
215,34021,3402157600,"Pennington borough, Mercer County, New Jersey",1013,1031
216,34021,3402160900,"Princeton borough, Mercer County, New Jersey",9370,9521
217,34021,3402163850,"Robbinsville township, Mercer County, New Jersey",4074,5087
218,34021,3402174000,"Trenton city, Mercer County, New Jersey",29437,28578
219,34021,3402180240,"West Windsor township, Mercer County, New Jersey",7282,9449
220,34023,3402310750,"Carteret borough, Middlesex County, New Jersey",7039,7591
221,34023,3402315550,"Cranbury township, Middlesex County, New Jersey",1091,1320
222,34023,3402318490,"Dunellen borough, Middlesex County, New Jersey",2451,2566
223,34023,3402319000,"East Brunswick township, Middlesex County, New Jersey",16372,16810
224,34023,3402320230,"Edison township, Middlesex County, New Jersey",35136,34972
225,34023,3402330840,"Helmetta borough, Middlesex County, New Jersey",746,891
226,34023,3402331470,"Highland Park borough, Middlesex County, New Jersey",5899,5875
227,34023,3402334890,"Jamesburg borough, Middlesex County, New Jersey",2176,2172
228,34023,3402345690,"Metuchen borough, Middlesex County, New Jersey",4992,5243
229,34023,3402345900,"Middlesex borough, Middlesex County, New Jersey",5048,4984
230,34023,3402346620,"Milltown borough, Middlesex County, New Jersey",2627,2599
231,34023,3402347280,"Monroe township, Middlesex County, New Jersey",12536,16497
232,34023,3402351210,"New Brunswick city, Middlesex County, New Jersey",13057,14119
233,34023,3402352560,"North Brunswick township, Middlesex County, New Jersey",13635,14551
234,34023,3402354705,"Old Bridge township, Middlesex County, New Jersey",21438,23777
235,34023,3402358200,"Perth Amboy city, Middlesex County, New Jersey",14562,15419
236,34023,3402359010,"Piscataway township, Middlesex County, New Jersey",16500,17050
237,34023,3402359280,"Plainsboro township, Middlesex County, New Jersey",8742,9402
238,34023,3402365790,"Sayreville borough, Middlesex County, New Jersey",14955,15636
239,34023,3402368550,"South Amboy city, Middlesex County, New Jersey",2967,3372
240,34023,3402368790,"South Brunswick township, Middlesex County, New Jersey",13428,15069
241,34023,3402369390,"South Plainfield borough, Middlesex County, New Jersey",7151,7876
242,34023,3402369420,"South River borough, Middlesex County, New Jersey",5606,5652
243,34023,3402369810,"Spotswood borough, Middlesex County, New Jersey",3099,3128
244,34023,3402382000,"Woodbridge township, Middlesex County, New Jersey",34562,34615
245,34025,3402500000,"County subdivisions not defined, Monmouth County, New Jersey",0,0
246,34025,3402500070,"Aberdeen township, Monmouth County, New Jersey",6421,6876
247,34025,3402500730,"Allenhurst borough, Monmouth County, New Jersey",285,217
248,34025,3402500760,"Allentown borough, Monmouth County, New Jersey",708,704
249,34025,3402501960,"Asbury Park city, Monmouth County, New Jersey",6754,6725
250,34025,3402502110,"Atlantic Highlands borough, Monmouth County, New Jersey",1969,1870
251,34025,3402502440,"Avon-by-the-Sea borough, Monmouth County, New Jersey",1043,901
252,34025,3402504930,"Belmar borough, Monmouth County, New Jersey",2946,2695
253,34025,3402506970,"Bradley Beach borough, Monmouth County, New Jersey",2297,2098
254,34025,3402507750,"Brielle borough, Monmouth County, New Jersey",1938,1805
255,34025,3402514560,"Colts Neck township, Monmouth County, New Jersey",3513,3277
256,34025,3402516660,"Deal borough, Monmouth County, New Jersey",434,333
257,34025,3402519840,"Eatontown borough, Monmouth County, New Jersey",5780,5319
258,34025,3402521570,"Englishtown borough, Monmouth County, New Jersey",643,621
259,34025,3402522440,"Fair Haven borough, Monmouth County, New Jersey",1998,1970
260,34025,3402522950,"Farmingdale borough, Monmouth County, New Jersey",625,547
261,34025,3402525200,"Freehold borough, Monmouth County, New Jersey",3695,4006
262,34025,3402525230,"Freehold township, Monmouth County, New Jersey",10814,12577
263,34025,3402530690,"Hazlet township, Monmouth County, New Jersey",7244,7140
264,34025,3402531500,"Highlands borough, Monmouth County, New Jersey",2450,2623
265,34025,3402532640,"Holmdel township, Monmouth County, New Jersey",4947,5584
266,34025,3402533300,"Howell township, Monmouth County, New Jersey",16063,17260
267,34025,3402534200,"Interlaken borough, Monmouth County, New Jersey",386,361
268,34025,3402536480,"Keansburg borough, Monmouth County, New Jersey",3872,3805
269,34025,3402536810,"Keyport borough, Monmouth County, New Jersey",3264,3067
270,34025,3402537560,"Lake Como borough, Monmouth County, New Jersey",824,785
271,34025,3402540770,"Little Silver borough, Monmouth County, New Jersey",2232,2146
272,34025,3402541010,"Loch Arbour village, Monmouth County, New Jersey",120,82
273,34025,3402541310,"Long Branch city, Monmouth County, New Jersey",12594,11753
274,34025,3402542990,"Manalapan township, Monmouth County, New Jersey",10781,13263
275,34025,3402543050,"Manasquan borough, Monmouth County, New Jersey",2600,2374
276,34025,3402544070,"Marlboro township, Monmouth County, New Jersey",11478,13001
277,34025,3402544520,"Matawan borough, Monmouth County, New Jersey",3531,3358
278,34025,3402545990,"Middletown township, Monmouth County, New Jersey",23236,23962
279,34025,3402546560,"Millstone township, Monmouth County, New Jersey",2708,3301
280,34025,3402547130,"Monmouth Beach borough, Monmouth County, New Jersey",1633,1494
281,34025,3402549890,"Neptune township, Monmouth County, New Jersey",10907,11201
282,34025,3402549920,"Neptune City borough, Monmouth County, New Jersey",2221,2133
283,34025,3402554270,"Ocean township, Monmouth County, New Jersey",10254,10611
284,34025,3402554570,"Oceanport borough, Monmouth County, New Jersey",2043,2227
285,34025,3402562430,"Red Bank borough, Monmouth County, New Jersey",5201,4929
286,34025,3402564410,"Roosevelt borough, Monmouth County, New Jersey",337,314
287,34025,3402565130,"Rumson borough, Monmouth County, New Jersey",2452,2344
288,34025,3402566240,"Sea Bright borough, Monmouth County, New Jersey",1003,792
289,34025,3402566330,"Sea Girt borough, Monmouth County, New Jersey",942,823
290,34025,3402567350,"Shrewsbury borough, Monmouth County, New Jersey",1207,1261
291,34025,3402567365,"Shrewsbury township, Monmouth County, New Jersey",521,583
292,34025,3402570110,"Spring Lake borough, Monmouth County, New Jersey",1463,1253
293,34025,3402570140,"Spring Lake Heights borough, Monmouth County, New Jersey",2511,2316
294,34025,3402573020,"Tinton Falls borough, Monmouth County, New Jersey",5883,8355
295,34025,3402574540,"Union Beach borough, Monmouth County, New Jersey",2143,2143
296,34025,3402574900,"Upper Freehold township, Monmouth County, New Jersey",1437,2363
297,34025,3402576460,"Wall township, Monmouth County, New Jersey",9437,10051
298,34025,3402579310,"West Long Branch borough, Monmouth County, New Jersey",2448,2384
299,34027,3402706610,"Boonton town, Morris County, New Jersey",3272,3235
300,34027,3402706640,"Boonton township, Morris County, New Jersey",1476,1575
301,34027,3402709040,"Butler borough, Morris County, New Jersey",2868,3031
302,34027,3402712100,"Chatham borough, Morris County, New Jersey",3159,3073
303,34027,3402712130,"Chatham township, Morris County, New Jersey",3920,3915
304,34027,3402712580,"Chester borough, Morris County, New Jersey",609,615
305,34027,3402712610,"Chester township, Morris County, New Jersey",2323,2592
306,34027,3402717650,"Denville township, Morris County, New Jersey",5990,6432
307,34027,3402718070,"Dover town, Morris County, New Jersey",5436,5562
308,34027,3402719210,"East Hanover township, Morris County, New Jersey",3843,3893
309,34027,3402723910,"Florham Park borough, Morris County, New Jersey",3239,4003
310,34027,3402729550,"Hanover township, Morris County, New Jersey",4745,5308
311,34027,3402729700,"Harding township, Morris County, New Jersey",1180,1474
312,34027,3402734980,"Jefferson township, Morris County, New Jersey",7131,7830
313,34027,3402737110,"Kinnelon borough, Morris County, New Jersey",3062,3472
314,34027,3402740290,"Lincoln Park borough, Morris County, New Jersey",4026,4001
315,34027,3402741362,"Long Hill township, Morris County, New Jersey",3139,3105
316,34027,3402742510,"Madison borough, Morris County, New Jersey",5520,5485
317,34027,3402745330,"Mendham borough, Morris County, New Jersey",1781,1722
318,34027,3402745360,"Mendham township, Morris County, New Jersey",1788,1952
319,34027,3402746860,"Mine Hill township, Morris County, New Jersey",1365,1329
320,34027,3402747670,"Montville township, Morris County, New Jersey",7380,7485
321,34027,3402748090,"Morris township, Morris County, New Jersey",8116,8128
322,34027,3402748210,"Morris Plains borough, Morris County, New Jersey",1955,2131
323,34027,3402748300,"Morristown town, Morris County, New Jersey",7252,7417
324,34027,3402748480,"Mountain Lakes borough, Morris County, New Jersey",1330,1313
325,34027,3402748690,"Mount Arlington borough, Morris County, New Jersey",1918,2283
326,34027,3402749080,"Mount Olive township, Morris County, New Jersey",9068,10690
327,34027,3402750130,"Netcong borough, Morris County, New Jersey",1008,1381
328,34027,3402756460,"Parsippany-Troy Hills township, Morris County, New Jersey",19624,20279
329,34027,3402758110,"Pequannock township, Morris County, New Jersey",5026,6471
330,34027,3402761890,"Randolph township, Morris County, New Jersey",8679,9013
331,34027,3402763300,"Riverdale borough, Morris County, New Jersey",919,1547
332,34027,3402764050,"Rockaway borough, Morris County, New Jersey",2445,2443
333,34027,3402764080,"Rockaway township, Morris County, New Jersey",8108,8983
334,34027,3402764980,"Roxbury township, Morris County, New Jersey",8364,8292
335,34027,3402775890,"Victory Gardens borough, Morris County, New Jersey",564,533
336,34027,3402777240,"Washington township, Morris County, New Jersey",5755,6237
337,34027,3402780390,"Wharton borough, Morris County, New Jersey",2328,2304
338,34029,3402900000,"County subdivisions not defined, Ocean County, New Jersey",0,0
339,34029,3402903050,"Barnegat township, Ocean County, New Jersey",5493,8128
340,34029,3402903130,"Barnegat Light borough, Ocean County, New Jersey",371,274
341,34029,3402903520,"Bay Head borough, Ocean County, New Jersey",584,459
342,34029,3402903940,"Beach Haven borough, Ocean County, New Jersey",586,531
343,34029,3402904180,"Beachwood borough, Ocean County, New Jersey",3475,3682
344,34029,3402905305,"Berkeley township, Ocean County, New Jersey",19828,20349
345,34029,3402907420,"Brick township, Ocean County, New Jersey",29511,29842
346,34029,3402918670,"Eagleswood township, Ocean County, New Jersey",546,621
347,34029,3402930390,"Harvey Cedars borough, Ocean County, New Jersey",167,169
348,34029,3402934530,"Island Heights borough, Ocean County, New Jersey",705,683
349,34029,3402934680,"Jackson township, Ocean County, New Jersey",14176,19417
350,34029,3402937380,"Lacey township, Ocean County, New Jersey",9336,10183
351,34029,3402937770,"Lakehurst borough, Ocean County, New Jersey",870,881
352,34029,3402938550,"Lakewood township, Ocean County, New Jersey",19876,24283
353,34029,3402939390,"Lavallette borough, Ocean County, New Jersey",1208,945
354,34029,3402940560,"Little Egg Harbor township, Ocean County, New Jersey",6179,8060
355,34029,3402941250,"Long Beach township, Ocean County, New Jersey",1664,1539
356,34029,3402943140,"Manchester township, Ocean County, New Jersey",20688,22840
357,34029,3402943380,"Mantoloking borough, Ocean County, New Jersey",207,162
358,34029,3402954300,"Ocean township, Ocean County, New Jersey",2446,3483
359,34029,3402954450,"Ocean Gate borough, Ocean County, New Jersey",832,832
360,34029,3402958590,"Pine Beach borough, Ocean County, New Jersey",767,818
361,34029,3402959790,"Plumsted township, Ocean County, New Jersey",2510,2936
362,34029,3402959880,"Point Pleasant borough, Ocean County, New Jersey",7560,7273
363,34029,3402959910,"Point Pleasant Beach borough, Ocean County, New Jersey",2317,1985
364,34029,3402966450,"Seaside Heights borough, Ocean County, New Jersey",1408,1376
365,34029,3402966480,"Seaside Park borough, Ocean County, New Jersey",1127,833
366,34029,3402967110,"Ship Bottom borough, Ocean County, New Jersey",664,555
367,34029,3402969510,"South Toms River borough, Ocean County, New Jersey",1073,1098
368,34029,3402970320,"Stafford township, Ocean County, New Jersey",8535,10096
369,34029,3402971640,"Surf City borough, Ocean County, New Jersey",706,622
370,34029,3402973125,"Toms River township, Ocean County, New Jersey",33510,34760
371,34029,3402974210,"Tuckerton borough, Ocean County, New Jersey",1477,1396
372,34031,3403106340,"Bloomingdale borough, Passaic County, New Jersey",2847,2935
373,34031,3403113690,"Clifton city, Passaic County, New Jersey",30244,30661
374,34031,3403129070,"Haledon borough, Passaic County, New Jersey",2820,2778
375,34031,3403130570,"Hawthorne borough, Passaic County, New Jersey",7260,7454
376,34031,3403140620,"Little Falls township, Passaic County, New Jersey",4687,4740
377,34031,3403153040,"North Haledon borough, Passaic County, New Jersey",2626,3123
378,34031,3403156550,"Passaic city, Passaic County, New Jersey",19458,19411
379,34031,3403157000,"Paterson city, Passaic County, New Jersey",44710,44329
380,34031,3403160090,"Pompton Lakes borough, Passaic County, New Jersey",3949,4190
381,34031,3403161170,"Prospect Park borough, Passaic County, New Jersey",1822,1797
382,34031,3403163150,"Ringwood borough, Passaic County, New Jersey",4108,4182
383,34031,3403173140,"Totowa borough, Passaic County, New Jersey",3539,3783
384,34031,3403176730,"Wanaque borough, Passaic County, New Jersey",3444,4018
385,34031,3403177840,"Wayne township, Passaic County, New Jersey",18755,19127
386,34031,3403179460,"West Milford township, Passaic County, New Jersey",9190,9625
387,34031,3403182423,"Woodland Park borough, Passaic County, New Jersey",4397,4632
388,34035,3403504450,"Bedminster township, Somerset County, New Jersey",4235,4100
389,34035,3403505560,"Bernards township, Somerset County, New Jersey",9242,9783
390,34035,3403505590,"Bernardsville borough, Somerset County, New Jersey",2723,2685
391,34035,3403506790,"Bound Brook borough, Somerset County, New Jersey",3615,3586
392,34035,3403507180,"Branchburg township, Somerset County, New Jersey",5272,5271
393,34035,3403507720,"Bridgewater township, Somerset County, New Jersey",15561,16111
394,34035,3403522890,"Far Hills borough, Somerset County, New Jersey",368,376
395,34035,3403524900,"Franklin township, Somerset County, New Jersey",19355,23301
396,34035,3403527510,"Green Brook township, Somerset County, New Jersey",1893,2375
397,34035,3403531890,"Hillsborough township, Somerset County, New Jersey",12649,13573
398,34035,3403543620,"Manville borough, Somerset County, New Jersey",4115,4016
399,34035,3403546590,"Millstone borough, Somerset County, New Jersey",169,162
400,34035,3403547580,"Montgomery township, Somerset County, New Jersey",5803,7635
401,34035,3403553280,"North Plainfield borough, Somerset County, New Jersey",7202,7448
402,34035,3403557300,"Peapack and Gladstone borough, Somerset County, New Jersey",840,887
403,34035,3403561980,"Raritan borough, Somerset County, New Jersey",2556,2673
404,34035,3403564320,"Rocky Hill borough, Somerset County, New Jersey",284,280
405,34035,3403568460,"Somerville borough, Somerset County, New Jersey",4743,4591
406,34035,3403568730,"South Bound Brook borough, Somerset County, New Jersey",1632,1733
407,34035,3403576940,"Warren township, Somerset County, New Jersey",4629,5059
408,34035,3403577600,"Watchung borough, Somerset County, New Jersey",2098,2114
409,34037,3403701330,"Andover borough, Sussex County, New Jersey",261,241
410,34037,3403701360,"Andover township, Sussex County, New Jersey",1889,2070
411,34037,3403707300,"Branchville borough, Sussex County, New Jersey",354,364
412,34037,3403709160,"Byram township, Sussex County, New Jersey",2833,2926
413,34037,3403724810,"Frankford township, Sussex County, New Jersey",1839,2046
414,34037,3403724930,"Franklin borough, Sussex County, New Jersey",1898,1936
415,34037,3403725140,"Fredon township, Sussex County, New Jersey",982,1207
416,34037,3403727420,"Green township, Sussex County, New Jersey",1046,1181
417,34037,3403729220,"Hamburg borough, Sussex County, New Jersey",1173,1364
418,34037,3403729490,"Hampton township, Sussex County, New Jersey",1857,2021
419,34037,3403729850,"Hardyston township, Sussex County, New Jersey",2319,3255
420,34037,3403732910,"Hopatcong borough, Sussex County, New Jersey",5656,5653
421,34037,3403737440,"Lafayette township, Sussex County, New Jersey",771,875
422,34037,3403747430,"Montague township, Sussex County, New Jersey",1286,1535
423,34037,3403751930,"Newton town, Sussex County, New Jersey",3258,3170
424,34037,3403754660,"Ogdensburg borough, Sussex County, New Jersey",881,864
425,34037,3403765700,"Sandyston township, Sussex County, New Jersey",693,788
426,34037,3403769690,"Sparta township, Sussex County, New Jersey",6225,6868
427,34037,3403770380,"Stanhope borough, Sussex County, New Jersey",1384,1396
428,34037,3403770890,"Stillwater township, Sussex County, New Jersey",1494,1553
429,34037,3403771670,"Sussex borough, Sussex County, New Jersey",903,899
430,34037,3403775740,"Vernon township, Sussex County, New Jersey",8368,8622
431,34037,3403776640,"Walpack township, Sussex County, New Jersey",20,8
432,34037,3403776790,"Wantage township, Sussex County, New Jersey",3441,3910
433,34039,3403905320,"Berkeley Heights township, Union County, New Jersey",4479,4470
434,34039,3403913150,"Clark township, Union County, New Jersey",5637,5562
435,34039,3403915640,"Cranford township, Union County, New Jersey",8397,8583
436,34039,3403921000,"Elizabeth city, Union County, New Jersey",40482,41596
437,34039,3403922860,"Fanwood borough, Union County, New Jersey",2574,2627
438,34039,3403925800,"Garwood borough, Union County, New Jersey",1731,1778
439,34039,3403931980,"Hillside township, Union County, New Jersey",7161,7112
440,34039,3403936690,"Kenilworth borough, Union County, New Jersey",2854,2841
441,34039,3403940350,"Linden city, Union County, New Jersey",15052,14909
442,34039,3403948510,"Mountainside borough, Union County, New Jersey",2434,2468
443,34039,3403951810,"New Providence borough, Union County, New Jersey",4404,4408
444,34039,3403959190,"Plainfield city, Union County, New Jersey",15137,15180
445,34039,3403961530,"Rahway city, Union County, New Jersey",10028,10533
446,34039,3403964620,"Roselle borough, Union County, New Jersey",7520,7407
447,34039,3403964650,"Roselle Park borough, Union County, New Jersey",5137,5002
448,34039,3403966060,"Scotch Plains township, Union County, New Jersey",8349,8595
449,34039,3403970020,"Springfield township, Union County, New Jersey",6001,6511
450,34039,3403971430,"Summit city, Union County, New Jersey",7897,7708
451,34039,3403974480,"Union township, Union County, New Jersey",19534,19556
452,34039,3403979040,"Westfield town, Union County, New Jersey",10622,10566
453,34039,3403981650,"Winfield township, Union County, New Jersey",694,706
454,34041,3404100670,"Allamuchy township, Warren County, New Jersey",1692,1953
455,34041,3404101030,"Alpha borough, Warren County, New Jersey",989,964
456,34041,3404104990,"Belvidere town, Warren County, New Jersey",1088,1054
457,34041,3404106160,"Blairstown township, Warren County, New Jersey",2040,2124
458,34041,3404124960,"Franklin township, Warren County, New Jersey",972,1122
459,34041,3404125320,"Frelinghuysen township, Warren County, New Jersey",722,760
460,34041,3404128260,"Greenwich township, Warren County, New Jersey",1421,1808
461,34041,3404128710,"Hackettstown town, Warren County, New Jersey",4134,3575
462,34041,3404129820,"Hardwick township, Warren County, New Jersey",502,573
463,34041,3404130090,"Harmony township, Warren County, New Jersey",1010,1017
464,34041,3404133060,"Hope township, Warren County, New Jersey",697,741
465,34041,3404133930,"Independence township, Warren County, New Jersey",2146,2234
466,34041,3404137320,"Knowlton township, Warren County, New Jersey",1028,1097
467,34041,3404140110,"Liberty township, Warren County, New Jersey",980,1047
468,34041,3404141490,"Lopatcong township, Warren County, New Jersey",2143,3136
469,34041,3404143320,"Mansfield township, Warren County, New Jersey",2334,2972
470,34041,3404155530,"Oxford township, Warren County, New Jersey",886,950
471,34041,3404158350,"Phillipsburg town, Warren County, New Jersey",6044,5925
472,34041,3404159820,"Pohatcong township, Warren County, New Jersey",1341,1310
473,34041,3404177270,"Washington borough, Warren County, New Jersey",2724,2623
474,34041,3404177300,"Washington township, Warren County, New Jersey",2099,2380
475,34041,3404180570,"White township, Warren County, New Jersey",1668,2115
476,36005,3600508510,"Bronx borough, Bronx County, New York",463212,483449
477,36027,3602701693,"Amenia town, Dutchess County, New York",1625,1741
478,36027,3602705100,"Beacon city, Dutchess County, New York",5091,5347
479,36027,3602705452,"Beekman town, Dutchess County, New York",3751,4251
480,36027,3602716408,"Clinton town, Dutchess County, New York",1502,1602
481,36027,3602720819,"Dover town, Dutchess County, New York",3034,3259
482,36027,3602721996,"East Fishkill town, Dutchess County, New York",8233,9512
483,36027,3602725978,"Fishkill town, Dutchess County, New York",6856,8642
484,36027,3602737209,"Hyde Park town, Dutchess County, New York",7395,7829
485,36027,3602740299,"La Grange town, Dutchess County, New York",5085,5440
486,36027,3602747207,"Milan town, Dutchess County, New York",882,964
487,36027,3602751891,"North East town, Dutchess County, New York",1146,1259
488,36027,3602756825,"Pawling town, Dutchess County, New York",2823,3093
489,36027,3602758156,"Pine Plains town, Dutchess County, New York",988,1007
490,36027,3602758695,"Pleasant Valley town, Dutchess County, New York",3467,3765
491,36027,3602759641,"Poughkeepsie city, Dutchess County, New York",12014,12400
492,36027,3602759652,"Poughkeepsie town, Dutchess County, New York",14605,15276
493,36027,3602760905,"Red Hook town, Dutchess County, New York",3574,3942
494,36027,3602761357,"Rhinebeck town, Dutchess County, New York",3001,3158
495,36027,3602770662,"Stanford town, Dutchess County, New York",1398,1496
496,36027,3602776166,"Union Vale town, Dutchess County, New York",1359,1708
497,36027,3602778157,"Wappinger town, Dutchess County, New York",9793,10318
498,36027,3602778388,"Washington town, Dutchess County, New York",1914,1956
499,36047,3604710022,"Brooklyn borough, Kings County, New York",880727,916856
500,36059,3601011,"Albertson CDP, New York",1812,1789
501,36059,3602968,"Atlantic Beach village, New York",766,857
502,36059,3604143,"Baldwin CDP, New York",10621,10447
503,36059,3604550,"Barnum Island CDP, New York",836,843
504,36059,3604803,"Baxter Estates village, New York",376,382
505,36059,3604891,"Bay Park CDP, New York",874,867
506,36059,3605034,"Bayville village, New York",2566,2471
507,36059,3605639,"Bellerose village, New York",378,375
508,36059,3605661,"Bellerose Terrace CDP, New York",639,633
509,36059,3605738,"Bellmore CDP, New York",5643,5669
510,36059,3606387,"Bethpage CDP, New York",5710,5875
511,36059,3610132,"Brookville village, New York",631,612
512,36059,3612419,"Carle Place CDP, New York",1900,1863
513,36059,3613233,"Cedarhurst village, New York",2289,2242
514,36059,3613618,"Centre Island village, New York",174,168
515,36059,3618597,"Cove Neck village, New York",110,104
516,36059,3621578,"East Atlantic Beach CDP, New York",887,849
517,36059,3622260,"East Hills village, New York",2245,2252
518,36059,3622480,"East Massapequa CDP, New York",6432,6599
519,36059,3622502,"East Meadow CDP, New York",12186,12410
520,36059,3622623,"East Norwich CDP, New York",938,943
521,36059,3622876,"East Rockaway village, New York",3926,3825
522,36059,3623217,"East Williston village, New York",833,842
523,36059,3624273,"Elmont CDP, New York",9902,9847
524,36059,3625384,"Farmingdale village, New York",3216,3326
525,36059,3626264,"Floral Park village, New York",5770,5680
526,36059,3626352,"Flower Hill village, New York",1477,1473
527,36059,3627309,"Franklin Square CDP, New York",10187,9941
528,36059,3627485,"Freeport village, New York",13504,13279
529,36059,3628178,"Garden City village, New York",7386,7366
530,36059,3628189,"Garden City Park CDP, New York",2508,2533
531,36059,3628200,"Garden City South CDP, New York",1399,1384
532,36059,3629113,"Glen Cove city, New York",9461,9764
533,36059,3629245,"Glen Head CDP, New York",1681,1718
534,36059,3629421,"Glenwood Landing CDP, New York",1262,1336
535,36059,3630169,"Great Neck village, New York",3346,3473
536,36059,3630191,"Great Neck Estates village, New York",919,902
537,36059,3630202,"Great Neck Gardens CDP, New York",376,393
538,36059,3630213,"Great Neck Plaza village, New York",3603,3690
539,36059,3630598,"Greenvale CDP, New York",362,358
540,36059,3632094,"Harbor Hills CDP, New York",181,180
541,36059,3632105,"Harbor Isle CDP, New York",490,470
542,36059,3633139,"Hempstead village, New York",15188,15234
543,36059,3634198,"Herricks CDP, New York",1349,1343
544,36059,3634286,"Hewlett CDP, New York",2634,2547
545,36059,3634297,"Hewlett Bay Park village, New York",157,131
546,36059,3634308,"Hewlett Harbor village, New York",429,418
547,36059,3634319,"Hewlett Neck village, New York",155,145
548,36059,3634374,"Hicksville CDP, New York",13710,13412
549,36059,3637583,"Inwood CDP, New York",3041,2964
550,36059,3637847,"Island Park village, New York",1685,1603
551,36059,3638539,"Jericho CDP, New York",4545,4628
552,36059,3639309,"Kensington village, New York",424,411
553,36059,3639694,"Kings Point village, New York",1401,1293
554,36059,3640937,"Lake Success village, New York",798,799
555,36059,3641003,"Lakeview CDP, New York",1525,1487
556,36059,3641432,"Lattingtown village, New York",627,614
557,36059,3641487,"Laurel Hollow village, New York",598,602
558,36059,3641553,"Lawrence village, New York",2113,2045
559,36059,3642081,"Levittown CDP, New York",17207,16973
560,36059,3642279,"Lido Beach CDP, New York",1149,1192
561,36059,3643192,"Locust Valley CDP, New York",1279,1208
562,36059,3643335,"Long Beach city, New York",14923,14809
563,36059,3643874,"Lynbrook village, New York",7369,7513
564,36059,3644787,"Malverne village, New York",3106,3076
565,36059,3644792,"Malverne Park Oaks CDP, New York",175,183
566,36059,3644897,"Manhasset CDP, New York",2831,2790
567,36059,3644908,"Manhasset Hills CDP, New York",1224,1184
568,36059,3645106,"Manorhaven village, New York",2401,2442
569,36059,3645986,"Massapequa CDP, New York",7417,7226
570,36059,3645997,"Massapequa Park village, New York",5762,5731
571,36059,3646107,"Matinecock village, New York",285,272
572,36059,3646668,"Merrick CDP, New York",7524,7448
573,36059,3647405,"Mill Neck village, New York",295,379
574,36059,3647636,"Mineola village, New York",7473,7396
575,36059,3649231,"Munsey Park village, New York",817,819
576,36059,3649330,"Muttontown village, New York",1022,1071
577,36059,3650067,"New Cassel CDP, New York",2972,2974
578,36059,3650397,"New Hyde Park village, New York",3290,3271
579,36059,3651517,"North Bellmore CDP, New York",6555,6650
580,36059,3653022,"North Hills village, New York",1808,2259
581,36059,3653231,"North Lynbrook CDP, New York",223,231
582,36059,3653253,"North Massapequa CDP, New York",6281,6084
583,36059,3653264,"North Merrick CDP, New York",3963,4044
584,36059,3653275,"North New Hyde Park CDP, New York",5032,4888
585,36059,3653748,"North Valley Stream CDP, New York",4860,5113
586,36059,3653792,"North Wantagh CDP, New York",4332,4230
587,36059,3654441,"Oceanside CDP, New York",11224,11249
588,36059,3654551,"Old Bethpage CDP, New York",1834,1894
589,36059,3654562,"Old Brookville village, New York",722,669
590,36059,3654705,"Old Westbury village, New York",1063,1073
591,36059,3655992,"Oyster Bay CDP, New York",2815,2758
592,36059,3656011,"Oyster Bay Cove village, New York",725,708
593,36059,3658409,"Plainedge CDP, New York",3028,2875
594,36059,3658442,"Plainview CDP, New York",8556,9070
595,36059,3658475,"Plandome village, New York",409,416
596,36059,3658486,"Plandome Heights village, New York",324,323
597,36059,3658497,"Plandome Manor village, New York",281,280
598,36059,3658849,"Point Lookout CDP, New York",616,500
599,36059,3659520,"Port Washington CDP, New York",5521,5698
600,36059,3659531,"Port Washington North village, New York",1063,1298
601,36059,3663264,"Rockville Centre village, New York",9201,9258
602,36059,3663506,"Roosevelt CDP, New York",4061,4031
603,36059,3663770,"Roslyn village, New York",1060,1193
604,36059,3663792,"Roslyn Estates village, New York",401,415
605,36059,3663803,"Roslyn Harbor village, New York",356,361
606,36059,3663814,"Roslyn Heights CDP, New York",2168,2157
607,36059,3664232,"Russell Gardens village, New York",400,343
608,36059,3664430,"Saddle Rock village, New York",265,267
609,36059,3664441,"Saddle Rock Estates CDP, New York",134,140
610,36059,3664842,"Salisbury CDP, New York",4015,4004
611,36059,3665035,"Sands Point village, New York",878,872
612,36059,3666047,"Sea Cliff village, New York",2013,1960
613,36059,3666058,"Seaford CDP, New York",5257,5266
614,36059,3666102,"Searingtown CDP, New York",1582,1563
615,36059,3669001,"South Farmingdale CDP, New York",4899,4784
616,36059,3669023,"South Floral Park village, New York",456,530
617,36059,3669188,"South Hempstead CDP, New York",1044,1047
618,36059,3669892,"South Valley Stream CDP, New York",2025,1969
619,36059,3671267,"Stewart Manor village, New York",718,699
620,36059,3672554,"Syosset CDP, New York",6281,6188
621,36059,3673605,"Thomaston village, New York",973,958
622,36059,3676089,"Uniondale CDP, New York",6301,7296
623,36059,3676287,"University Gardens CDP, New York",1660,1645
624,36059,3676331,"Upper Brookville village, New York",568,569
625,36059,3676705,"Valley Stream village, New York",12484,12189
626,36059,3678146,"Wantagh CDP, New York",6179,6126
627,36059,3679444,"Westbury village, New York",4638,5078
628,36059,3680225,"West Hempstead CDP, New York",6024,5939
629,36059,3682117,"Williston Park village, New York",2612,2668
630,36059,3682744,"Woodbury CDP, New York",2851,3054
631,36059,3682942,"Woodmere CDP, New York",5349,5336
632,36059,3682986,"Woodsburgh village, New York",257,267
633,36059,3605929113,"Glen Cove city, Nassau County, New York",9461,9764
634,36059,3605934000,"Hempstead town, Nassau County, New York",246828,246456
635,36059,3605943335,"Long Beach city, Nassau County, New York",14923,14809
636,36059,3605953000,"North Hempstead town, Nassau County, New York",76820,78080
637,36059,3605956000,"Oyster Bay town, Nassau County, New York",99355,99419
638,36061,3606144919,"Manhattan borough, New York County, New York",738644,763846
639,36071,3607107003,"Blooming Grove town, Orange County, New York",5836,6284
640,36071,3607115308,"Chester town, Orange County, New York",3848,4135
641,36071,3607118300,"Cornwall town, Orange County, New York",4625,4742
642,36071,3607118916,"Crawford town, Orange County, New York",2707,3279
643,36071,3607119961,"Deerpark town, Orange County, New York",2906,2988
644,36071,3607129553,"Goshen town, Orange County, New York",4074,4536
645,36071,3607130631,"Greenville town, Orange County, New York",1243,1504
646,36071,3607131907,"Hamptonburgh town, Orange County, New York",1467,1739
647,36071,3607134550,"Highlands town, Orange County, New York",3230,3026
648,36071,3607147042,"Middletown city, Orange County, New York",9466,9976
649,36071,3607147713,"Minisink town, Orange County, New York",1182,1485
650,36071,3607147999,"Monroe town, Orange County, New York",8228,10312
651,36071,3607148153,"Montgomery town, Orange County, New York",7273,8000
652,36071,3607148857,"Mount Hope town, Orange County, New York",1582,1770
653,36071,3607150034,"Newburgh city, Orange County, New York",9144,9030
654,36071,3607150045,"Newburgh town, Orange County, New York",9765,10762
655,36071,3607150848,"New Windsor town, Orange County, New York",8396,9291
656,36071,3607159388,"Port Jervis city, Orange County, New York",3533,3570
657,36071,3607175781,"Tuxedo town, Orange County, New York",1337,1457
658,36071,3607177992,"Wallkill town, Orange County, New York",8866,10133
659,36071,3607178366,"Warwick town, Orange County, New York",10868,11835
660,36071,3607178839,"Wawayanda town, Orange County, New York",2095,2444
661,36071,3607182755,"Woodbury town, Orange County, New York",3117,3627
662,36079,3607912529,"Carmel town, Putnam County, New York",10847,11672
663,36079,3607939331,"Kent town, Putnam County, New York",4868,4888
664,36079,3607956748,"Patterson town, Putnam County, New York",3529,3905
665,36079,3607957584,"Philipstown town, Putnam County, New York",3599,3685
666,36079,3607960147,"Putnam Valley town, Putnam County, New York",3676,4216
667,36079,3607968924,"Southeast town, Putnam County, New York",6184,6675
668,36081,3608160323,"Queens borough, Queens County, New York",782664,780117
669,36085,3608570915,"Staten Island borough, Richmond County, New York",156341,165516
670,36087,3608715968,"Clarkstown town, Rockland County, New York",27697,29234
671,36087,3608732765,"Haverstraw town, Rockland County, New York",11255,12170
672,36087,3608755211,"Orangetown town, Rockland County, New York",17330,17826
673,36087,3608760510,"Ramapo town, Rockland County, New York",31561,34731
674,36087,3608771674,"Stony Point town, Rockland County, New York",4832,5281
675,36103,3601594,"Amagansett CDP, New York",493,513
676,36103,3602044,"Amityville village, New York",3434,3690
677,36103,3602374,"Aquebogue CDP, New York",872,932
678,36103,3602737,"Asharoken village, New York",254,255
679,36103,3603408,"Babylon village, New York",4554,4585
680,36103,3604055,"Baiting Hollow CDP, New York",600,719
681,36103,3604913,"Bayport CDP, New York",3222,3346
682,36103,3604935,"Bay Shore CDP, New York",8194,9064
683,36103,3605039,"Baywood CDP, New York",2252,2162
684,36103,3605672,"Belle Terre village, New York",286,286
685,36103,3605771,"Bellport village, New York",993,921
686,36103,3607069,"Blue Point CDP, New York",1571,1680
687,36103,3607157,"Bohemia CDP, New York",3326,3606
688,36103,3608026,"Brentwood CDP, New York",12580,13654
689,36103,3608136,"Bridgehampton CDP, New York",627,748
690,36103,3608323,"Brightwaters village, New York",1127,1126
691,36103,3609000,"Brookhaven CDP, New York",1101,1176
692,36103,3611781,"Calverton CDP, New York",2539,2965
693,36103,3613376,"Centereach CDP, New York",8176,10026
694,36103,3613420,"Center Moriches CDP, New York",2319,2597
695,36103,3613442,"Centerport CDP, New York",2022,2032
696,36103,3613552,"Central Islip CDP, New York",8792,9365
697,36103,3616958,"Cold Spring Harbor CDP, New York",1753,1749
698,36103,3617530,"Commack CDP, New York",11697,11907
699,36103,3618146,"Copiague CDP, New York",7210,7535
700,36103,3618157,"Coram CDP, New York",12530,14632
701,36103,3619466,"Cutchogue CDP, New York",1120,1347
702,36103,3619972,"Deer Park CDP, New York",9516,9383
703,36103,3620379,"Dering Harbor village, New York",6,5
704,36103,3620687,"Dix Hills CDP, New York",7952,8319
705,36103,3621985,"East Farmingdale CDP, New York",1693,2002
706,36103,3622183,"East Hampton village, New York",635,533
707,36103,3622200,"East Hampton North CDP, New York",1445,1536
708,36103,3622315,"East Islip CDP, New York",4578,4803
709,36103,3622447,"East Marion CDP, New York",329,409
710,36103,3622546,"East Moriches CDP, New York",1510,1896
711,36103,3622612,"East Northport CDP, New York",6967,7114
712,36103,3622733,"East Patchogue CDP, New York",7493,8294
713,36103,3622810,"Eastport CDP, New York",554,702
714,36103,3622832,"East Quogue CDP, New York",1660,1832
715,36103,3622980,"East Shoreham CDP, New York",1787,2047
716,36103,3623316,"Eatons Neck CDP, New York",512,519
717,36103,3624405,"Elwood CDP, New York",3435,3512
718,36103,3625417,"Farmingville CDP, New York",5041,4707
719,36103,3625839,"Fire Island CDP, New York",138,131
720,36103,3625923,"Fishers Island CDP, New York",138,120
721,36103,3626121,"Flanders CDP, New York",1260,1345
722,36103,3626946,"Fort Salonga CDP, New York",3225,3370
723,36103,3628997,"Gilgo-Oak Beach-Captree CDP, New York",161,182
724,36103,3629509,"Gordon Heights CDP, New York",856,1070
725,36103,3630235,"Great River CDP, New York",509,503
726,36103,3630543,"Greenlawn CDP, New York",4499,4560
727,36103,3630576,"Greenport village, New York",776,820
728,36103,3630581,"Greenport West CDP, New York",750,960
729,36103,3631445,"Halesite CDP, New York",1014,1008
730,36103,3631896,"Hampton Bays CDP, New York",4877,5079
731,36103,3632732,"Hauppauge CDP, New York",7006,7333
732,36103,3632963,"Head of the Harbor village, New York",484,511
733,36103,3635056,"Holbrook CDP, New York",9019,9550
734,36103,3635254,"Holtsville CDP, New York",5316,6725
735,36103,3636233,"Huntington CDP, New York",7052,7170
736,36103,3637022,"Huntington Bay village, New York",539,534
737,36103,3637044,"Huntington Station CDP, New York",9731,10067
738,36103,3637840,"Islandia village, New York",1007,1026
739,36103,3637869,"Islip CDP, New York",6868,6437
740,36103,3638022,"Islip Terrace CDP, New York",1755,1703
741,36103,3638253,"Jamesport CDP, New York",605,715
742,36103,3639672,"Kings Park CDP, New York",5480,6212
743,36103,3640530,"Lake Grove village, New York",3419,3814
744,36103,3640838,"Lake Ronkonkoma CDP, New York",6700,6932
745,36103,3641465,"Laurel CDP, New York",452,524
746,36103,3642554,"Lindenhurst village, New York",9061,9316
747,36103,3643005,"Lloyd Harbor village, New York",1147,1162
748,36103,3645139,"Manorville CDP, New York",4122,5000
749,36103,3646074,"Mastic CDP, New York",4451,4526
750,36103,3646085,"Mastic Beach CDP, New York",3755,4231
751,36103,3646140,"Mattituck CDP, New York",1651,1693
752,36103,3646404,"Medford CDP, New York",6791,7821
753,36103,3646514,"Melville CDP, New York",4930,6908
754,36103,3646976,"Middle Island CDP, New York",3720,4217
755,36103,3647306,"Miller Place CDP, New York",3397,4000
756,36103,3648054,"Montauk CDP, New York",1593,1422
757,36103,3648450,"Moriches CDP, New York",1116,1322
758,36103,3649066,"Mount Sinai CDP, New York",2671,4080
759,36103,3649424,"Napeague CDP, New York",105,107
760,36103,3649825,"Nesconset CDP, New York",3964,4564
761,36103,3650727,"New Suffolk CDP, New York",172,177
762,36103,3651286,"Nissequogue village, New York",533,573
763,36103,3651396,"North Amityville CDP, New York",5045,5333
764,36103,3651418,"Northampton CDP, New York",158,191
765,36103,3651440,"North Babylon CDP, New York",6146,6136
766,36103,3651495,"North Bay Shore CDP, New York",3794,4395
767,36103,3651528,"North Bellport CDP, New York",2349,3362
768,36103,3652078,"North Great River CDP, New York",1156,1264
769,36103,3652188,"North Haven village, New York",337,332
770,36103,3653198,"North Lindenhurst CDP, New York",3808,3787
771,36103,3653319,"North Patchogue CDP, New York",2694,2300
772,36103,3653396,"Northport village, New York",2952,2921
773,36103,3653561,"North Sea CDP, New York",1880,1771
774,36103,3653775,"Northville CDP, New York",296,531
775,36103,3653852,"Northwest Harbor CDP, New York",1181,1313
776,36103,3654056,"Noyack CDP, New York",1158,1510
777,36103,3654144,"Oakdale CDP, New York",3035,3116
778,36103,3654430,"Ocean Beach village, New York",61,39
779,36103,3654617,"Old Field village, New York",313,325
780,36103,3655321,"Orient CDP, New York",330,353
781,36103,3656660,"Patchogue village, New York",4636,4694
782,36103,3656968,"Peconic CDP, New York",426,273
783,36103,3659157,"Poquott village, New York",350,353
784,36103,3659355,"Port Jefferson village, New York",2985,3090
785,36103,3659377,"Port Jefferson Station CDP, New York",2600,2812
786,36103,3660408,"Quiogue CDP, New York",336,307
787,36103,3660422,"Quogue village, New York",453,424
788,36103,3661142,"Remsenburg-Speonk CDP, New York",960,984
789,36103,3661665,"Ridge CDP, New York",5545,5714
790,36103,3661973,"Riverhead CDP, New York",3878,4827
791,36103,3662066,"Riverside CDP, New York",846,716
792,36103,3663319,"Rocky Point CDP, New York",3557,4820
793,36103,3663473,"Ronkonkoma CDP, New York",6550,6512
794,36103,3664452,"Sagaponack village, New York",249,146
795,36103,3664485,"Sag Harbor village, New York",1120,1000
796,36103,3664584,"St. James CDP, New York",4555,4535
797,36103,3664881,"Saltaire village, New York",14,15
798,36103,3665409,"Sayville CDP, New York",5603,5983
799,36103,3666212,"Selden CDP, New York",6809,6446
800,36103,3666481,"Setauket-East Setauket CDP, New York",5521,5391
801,36103,3666828,"Shelter Island CDP, New York",531,598
802,36103,3666850,"Shelter Island Heights CDP, New York",459,525
803,36103,3667048,"Shinnecock Hills CDP, New York",502,744
804,36103,3667070,"Shirley CDP, New York",7353,8353
805,36103,3667191,"Shoreham village, New York",145,192
806,36103,3667851,"Smithtown CDP, New York",8815,8773
807,36103,3668374,"Sound Beach CDP, New York",3358,2729
808,36103,3668462,"Southampton village, New York",1651,1263
809,36103,3669254,"South Huntington CDP, New York",3299,3378
810,36103,3669452,"Southold CDP, New York",2317,2414
811,36103,3670387,"Springs CDP, New York",1924,2318
812,36103,3671608,"Stony Brook CDP, New York",4758,4846
813,36103,3671620,"Stony Brook University CDP, New York",0,26
814,36103,3673352,"Terryville CDP, New York",3313,3827
815,36103,3675572,"Tuckahoe CDP, New York",687,480
816,36103,3677519,"Village of the Branch village, New York",605,625
817,36103,3677772,"Wading River CDP, New York",2370,2716
818,36103,3677805,"Wainscott CDP, New York",260,264
819,36103,3678575,"Water Mill CDP, New York",722,652
820,36103,3679246,"West Babylon CDP, New York",14268,14537
821,36103,3679301,"West Bay Shore CDP, New York",1721,1720
822,36103,3680170,"Westhampton CDP, New York",1070,1045
823,36103,3680181,"Westhampton Beach village, New York",805,691
824,36103,3680186,"West Hampton Dunes village, New York",7,24
825,36103,3680258,"West Hills CDP, New York",1978,1974
826,36103,3680302,"West Islip CDP, New York",8883,9040
827,36103,3680885,"West Sayville CDP, New York",1735,1771
828,36103,3681419,"Wheatley Heights CDP, New York",1455,1480
829,36103,3683294,"Wyandanch CDP, New York",2525,2926
830,36103,3683426,"Yaphank CDP, New York",1566,1872
831,36103,3610304000,"Babylon town, Suffolk County, New York",69048,70894
832,36103,3610310000,"Brookhaven town, Suffolk County, New York",146828,162884
833,36103,3610322194,"East Hampton town, Suffolk County, New York",8101,8410
834,36103,3610337000,"Huntington town, Suffolk County, New York",65917,69311
835,36103,3610338000,"Islip town, Suffolk County, New York",98936,103631
836,36103,3610359106,"Poospatuck Reservation, Suffolk County, New York",93,110
837,36103,3610361984,"Riverhead town, Suffolk County, New York",10749,12990
838,36103,3610366839,"Shelter Island town, Suffolk County, New York",996,1128
839,36103,3610367059,"Shinnecock Reservation, Suffolk County, New York",179,226
840,36103,3610368000,"Smithtown town, Suffolk County, New York",38487,40055
841,36103,3610368473,"Southampton town, Suffolk County, New York",21504,21193
842,36103,3610369463,"Southold town, Suffolk County, New York",8461,9090
843,36105,3610506310,"Bethel town, Sullivan County, New York",1649,1733
844,36105,3610511759,"Callicoon town, Sullivan County, New York",1222,1288
845,36105,3610516661,"Cochecton town, Sullivan County, New York",555,604
846,36105,3610520104,"Delaware town, Sullivan County, New York",956,996
847,36105,3610525241,"Fallsburg town, Sullivan County, New York",3761,4225
848,36105,3610526528,"Forestburgh town, Sullivan County, New York",327,355
849,36105,3610527573,"Fremont town, Sullivan County, New York",563,607
850,36105,3610534473,"Highland town, Sullivan County, New York",951,1049
851,36105,3610542235,"Liberty town, Sullivan County, New York",3711,3883
852,36105,3610543786,"Lumberland town, Sullivan County, New York",781,967
853,36105,3610544809,"Mamakating town, Sullivan County, New York",4153,4738
854,36105,3610549847,"Neversink town, Sullivan County, New York",1346,1464
855,36105,3610563176,"Rockland town, Sullivan County, New York",1560,1596
856,36105,3610573627,"Thompson town, Sullivan County, New York",5543,5982
857,36105,3610575759,"Tusten town, Sullivan County, New York",583,652
858,36111,3611120247,"Denning town, Ulster County, New York",215,234
859,36111,3611124691,"Esopus town, Ulster County, New York",3439,3492
860,36111,3611128255,"Gardiner town, Ulster County, New York",1997,2229
861,36111,3611132116,"Hardenburgh town, Ulster County, New York",95,112
862,36111,3611137143,"Hurley town, Ulster County, New York",2694,2693
863,36111,3611139727,"Kingston city, Ulster County, New York",9871,10217
864,36111,3611139738,"Kingston town, Ulster County, New York",356,380
865,36111,3611142994,"Lloyd town, Ulster County, New York",3626,4112
866,36111,3611145458,"Marbletown town, Ulster County, New York",2386,2400
867,36111,3611145722,"Marlborough town, Ulster County, New York",3020,3335
868,36111,3611150562,"New Paltz town, Ulster County, New York",4455,4515
869,36111,3611154749,"Olive town, Ulster County, New York",1869,1960
870,36111,3611158552,"Plattekill town, Ulster County, New York",3649,3861
871,36111,3611163011,"Rochester town, Ulster County, New York",2688,2936
872,36111,3611163737,"Rosendale town, Ulster County, New York",2587,2572
873,36111,3611165299,"Saugerties town, Ulster County, New York",7478,8163
874,36111,3611166597,"Shandaken town, Ulster County, New York",1463,1505
875,36111,3611166674,"Shawangunk town, Ulster County, New York",3433,3887
876,36111,3611175935,"Ulster town, Ulster County, New York",4850,4961
877,36111,3611178828,"Wawarsing town, Ulster County, New York",4382,4509
878,36111,3611183052,"Woodstock town, Ulster County, New York",2946,2976
879,36119,3611905320,"Bedford town, Westchester County, New York",5731,5765
880,36119,3611918410,"Cortlandt town, Westchester County, New York",13517,14987
881,36119,3611921820,"Eastchester town, Westchester County, New York",12626,12946
882,36119,3611930367,"Greenburgh town, Westchester County, New York",33043,33495
883,36119,3611932413,"Harrison town, Westchester County, New York",8394,8375
884,36119,3611942136,"Lewisboro town, Westchester County, New York",4218,4453
885,36119,3611944842,"Mamaroneck town, Westchester County, New York",10929,10849
886,36119,3611948895,"Mount Kisco town, Westchester County, New York",3993,4102
887,36119,3611949011,"Mount Pleasant town, Westchester County, New York",13737,14306
888,36119,3611949121,"Mount Vernon city, Westchester County, New York",25729,26260
889,36119,3611950078,"New Castle town, Westchester County, New York",5732,5786
890,36119,3611950617,"New Rochelle city, Westchester County, New York",26189,27953
891,36119,3611951693,"North Castle town, Westchester County, New York",3583,3913
892,36119,3611953517,"North Salem town, Westchester County, New York",1764,1811
893,36119,3611955541,"Ossining town, Westchester County, New York",12355,12706
894,36119,3611956979,"Peekskill city, Westchester County, New York",8696,9060
895,36119,3611957012,"Pelham town, Westchester County, New York",4149,4247
896,36119,3611959685,"Pound Ridge town, Westchester County, New York",1699,1844
897,36119,3611964309,"Rye city, Westchester County, New York",5377,5520
898,36119,3611964320,"Rye town, Westchester County, New York",15389,15469
899,36119,3611965442,"Scarsdale town, Westchester County, New York",5662,5418
900,36119,3611968308,"Somers town, Westchester County, New York",6802,7623
901,36119,3611981677,"White Plains city, Westchester County, New York",20921,22910
902,36119,3611984000,"Yonkers city, Westchester County, New York",74351,74550
903,36119,3611984077,"Yorktown town, Westchester County, New York",12556,12884
