stco,id_00,nm_00,geoid,name
9001,900100000,"County subdivisions not defined, Fairfield County, Connecticut",900100000,"County subdivisions not defined, Fairfield County, Connecticut"
9001,900104720,"Bethel town, Fairfield County, Connecticut",900104720,"Bethel town, Fairfield County, Connecticut"
9001,900108070,"Bridgeport town, Fairfield County, Connecticut",900108070,"Bridgeport town, Fairfield County, Connecticut"
9001,900108980,"Brookfield town, Fairfield County, Connecticut",900108980,"Brookfield town, Fairfield County, Connecticut"
9001,900118500,"Danbury town, Fairfield County, Connecticut",900118500,"Danbury town, Fairfield County, Connecticut"
9001,900118850,"Darien town, Fairfield County, Connecticut",900118850,"Darien town, Fairfield County, Connecticut"
9001,900123890,"Easton town, Fairfield County, Connecticut",900123890,"Easton town, Fairfield County, Connecticut"
9001,900126620,"Fairfield town, Fairfield County, Connecticut",900126620,"Fairfield town, Fairfield County, Connecticut"
9001,900133620,"Greenwich town, Fairfield County, Connecticut",900133620,"Greenwich town, Fairfield County, Connecticut"
9001,900148620,"Monroe town, Fairfield County, Connecticut",900148620,"Monroe town, Fairfield County, Connecticut"
9001,900150580,"New Canaan town, Fairfield County, Connecticut",900150580,"New Canaan town, Fairfield County, Connecticut"
9001,900150860,"New Fairfield town, Fairfield County, Connecticut",900150860,"New Fairfield town, Fairfield County, Connecticut"
9001,900152980,"Newtown town, Fairfield County, Connecticut",900152980,"Newtown town, Fairfield County, Connecticut"
9001,900156060,"Norwalk town, Fairfield County, Connecticut",900156060,"Norwalk town, Fairfield County, Connecticut"
9001,900163480,"Redding town, Fairfield County, Connecticut",900163480,"Redding town, Fairfield County, Connecticut"
9001,900163970,"Ridgefield town, Fairfield County, Connecticut",900163970,"Ridgefield town, Fairfield County, Connecticut"
9001,900168170,"Shelton town, Fairfield County, Connecticut",900168170,"Shelton town, Fairfield County, Connecticut"
9001,900168310,"Sherman town, Fairfield County, Connecticut",900168310,"Sherman town, Fairfield County, Connecticut"
9001,900173070,"Stamford town, Fairfield County, Connecticut",900173070,"Stamford town, Fairfield County, Connecticut"
9001,900174190,"Stratford town, Fairfield County, Connecticut",900174190,"Stratford town, Fairfield County, Connecticut"
9001,900177200,"Trumbull town, Fairfield County, Connecticut",900177200,"Trumbull town, Fairfield County, Connecticut"
9001,900183430,"Weston town, Fairfield County, Connecticut",900183430,"Weston town, Fairfield County, Connecticut"
9001,900183500,"Westport town, Fairfield County, Connecticut",900183500,"Westport town, Fairfield County, Connecticut"
9001,900186370,"Wilton town, Fairfield County, Connecticut",900186370,"Wilton town, Fairfield County, Connecticut"
9005,900502760,"Barkhamsted town, Litchfield County, Connecticut",900502760,"Barkhamsted town, Litchfield County, Connecticut"
9005,900504930,"Bethlehem town, Litchfield County, Connecticut",900504930,"Bethlehem town, Litchfield County, Connecticut"
9005,900508210,"Bridgewater town, Litchfield County, Connecticut",900508210,"Bridgewater town, Litchfield County, Connecticut"
9005,900510940,"Canaan town, Litchfield County, Connecticut",900510940,"Canaan town, Litchfield County, Connecticut"
9005,900516050,"Colebrook town, Litchfield County, Connecticut",900516050,"Colebrook town, Litchfield County, Connecticut"
9005,900517240,"Cornwall town, Litchfield County, Connecticut",900517240,"Cornwall town, Litchfield County, Connecticut"
9005,900532290,"Goshen town, Litchfield County, Connecticut",900532290,"Goshen town, Litchfield County, Connecticut"
9005,900537280,"Harwinton town, Litchfield County, Connecticut",900537280,"Harwinton town, Litchfield County, Connecticut"
9005,900540290,"Kent town, Litchfield County, Connecticut",900540290,"Kent town, Litchfield County, Connecticut"
9005,900543370,"Litchfield town, Litchfield County, Connecticut",900543370,"Litchfield town, Litchfield County, Connecticut"
9005,900549460,"Morris town, Litchfield County, Connecticut",900549460,"Morris town, Litchfield County, Connecticut"
9005,900551350,"New Hartford town, Litchfield County, Connecticut",900551350,"New Hartford town, Litchfield County, Connecticut"
9005,900552630,"New Milford town, Litchfield County, Connecticut",900552630,"New Milford town, Litchfield County, Connecticut"
9005,900553470,"Norfolk town, Litchfield County, Connecticut",900553470,"Norfolk town, Litchfield County, Connecticut"
9005,900554030,"North Canaan town, Litchfield County, Connecticut",900554030,"North Canaan town, Litchfield County, Connecticut"
9005,900560750,"Plymouth town, Litchfield County, Connecticut",900560750,"Plymouth town, Litchfield County, Connecticut"
9005,900565930,"Roxbury town, Litchfield County, Connecticut",900565930,"Roxbury town, Litchfield County, Connecticut"
9005,900566420,"Salisbury town, Litchfield County, Connecticut",900566420,"Salisbury town, Litchfield County, Connecticut"
9005,900567960,"Sharon town, Litchfield County, Connecticut",900567960,"Sharon town, Litchfield County, Connecticut"
9005,900575730,"Thomaston town, Litchfield County, Connecticut",900575730,"Thomaston town, Litchfield County, Connecticut"
9005,900576570,"Torrington town, Litchfield County, Connecticut",900576570,"Torrington town, Litchfield County, Connecticut"
9005,900579510,"Warren town, Litchfield County, Connecticut",900579510,"Warren town, Litchfield County, Connecticut"
9005,900579720,"Washington town, Litchfield County, Connecticut",900579720,"Washington town, Litchfield County, Connecticut"
9005,900580490,"Watertown town, Litchfield County, Connecticut",900580490,"Watertown town, Litchfield County, Connecticut"
9005,900586440,"Winchester town, Litchfield County, Connecticut",900586440,"Winchester town, Litchfield County, Connecticut"
9005,900587910,"Woodbury town, Litchfield County, Connecticut",900587910,"Woodbury town, Litchfield County, Connecticut"
9009,900900000,"County subdivisions not defined, New Haven County, Connecticut",900900000,"County subdivisions not defined, New Haven County, Connecticut"
9009,900901220,"Ansonia town, New Haven County, Connecticut",900901220,"Ansonia town, New Haven County, Connecticut"
9009,900903250,"Beacon Falls town, New Haven County, Connecticut",900903250,"Beacon Falls town, New Haven County, Connecticut"
9009,900904580,"Bethany town, New Haven County, Connecticut",900904580,"Bethany town, New Haven County, Connecticut"
9009,900907310,"Branford town, New Haven County, Connecticut",900907310,"Branford town, New Haven County, Connecticut"
9009,900914160,"Cheshire town, New Haven County, Connecticut",900914160,"Cheshire town, New Haven County, Connecticut"
9009,900919550,"Derby town, New Haven County, Connecticut",900919550,"Derby town, New Haven County, Connecticut"
9009,900922910,"East Haven town, New Haven County, Connecticut",900922910,"East Haven town, New Haven County, Connecticut"
9009,900934950,"Guilford town, New Haven County, Connecticut",900934950,"Guilford town, New Haven County, Connecticut"
9009,900935650,"Hamden town, New Haven County, Connecticut",900935650,"Hamden town, New Haven County, Connecticut"
9009,900944560,"Madison town, New Haven County, Connecticut",900944560,"Madison town, New Haven County, Connecticut"
9009,900946520,"Meriden town, New Haven County, Connecticut",900946520,"Meriden town, New Haven County, Connecticut"
9009,900946940,"Middlebury town, New Haven County, Connecticut",900946940,"Middlebury town, New Haven County, Connecticut"
9009,900947535,"Milford town, New Haven County, Connecticut",900947535,"Milford town, New Haven County, Connecticut"
9009,900949950,"Naugatuck town, New Haven County, Connecticut",900949950,"Naugatuck town, New Haven County, Connecticut"
9009,900952070,"New Haven town, New Haven County, Connecticut",900952070,"New Haven town, New Haven County, Connecticut"
9009,900953890,"North Branford town, New Haven County, Connecticut",900953890,"North Branford town, New Haven County, Connecticut"
9009,900954870,"North Haven town, New Haven County, Connecticut",900954870,"North Haven town, New Haven County, Connecticut"
9009,900957600,"Orange town, New Haven County, Connecticut",900957600,"Orange town, New Haven County, Connecticut"
9009,900958300,"Oxford town, New Haven County, Connecticut",900958300,"Oxford town, New Haven County, Connecticut"
9009,900962290,"Prospect town, New Haven County, Connecticut",900962290,"Prospect town, New Haven County, Connecticut"
9009,900967610,"Seymour town, New Haven County, Connecticut",900967610,"Seymour town, New Haven County, Connecticut"
9009,900969640,"Southbury town, New Haven County, Connecticut",900969640,"Southbury town, New Haven County, Connecticut"
9009,900978740,"Wallingford town, New Haven County, Connecticut",900978740,"Wallingford town, New Haven County, Connecticut"
9009,900980070,"Waterbury town, New Haven County, Connecticut",900980070,"Waterbury town, New Haven County, Connecticut"
9009,900982870,"West Haven town, New Haven County, Connecticut",900982870,"West Haven town, New Haven County, Connecticut"
9009,900987560,"Wolcott town, New Haven County, Connecticut",900987560,"Wolcott town, New Haven County, Connecticut"
9009,900987700,"Woodbridge town, New Haven County, Connecticut",900987700,"Woodbridge town, New Haven County, Connecticut"
34003,3400300700,"Allendale borough, Bergen County, New Jersey",3400300700,"Allendale borough, Bergen County, New Jersey"
34003,3400301090,"Alpine borough, Bergen County, New Jersey",3400301090,"Alpine borough, Bergen County, New Jersey"
34003,3400305170,"Bergenfield borough, Bergen County, New Jersey",3400305170,"Bergenfield borough, Bergen County, New Jersey"
34003,3400306490,"Bogota borough, Bergen County, New Jersey",3400306490,"Bogota borough, Bergen County, New Jersey"
34003,3400310480,"Carlstadt borough, Bergen County, New Jersey",3400310480,"Carlstadt borough, Bergen County, New Jersey"
34003,3400313570,"Cliffside Park borough, Bergen County, New Jersey",3400313570,"Cliffside Park borough, Bergen County, New Jersey"
34003,3400313810,"Closter borough, Bergen County, New Jersey",3400313810,"Closter borough, Bergen County, New Jersey"
34003,3400315820,"Cresskill borough, Bergen County, New Jersey",3400315820,"Cresskill borough, Bergen County, New Jersey"
34003,3400317530,"Demarest borough, Bergen County, New Jersey",3400317530,"Demarest borough, Bergen County, New Jersey"
34003,3400318400,"Dumont borough, Bergen County, New Jersey",3400318400,"Dumont borough, Bergen County, New Jersey"
34003,3400319510,"East Rutherford borough, Bergen County, New Jersey",3400319510,"East Rutherford borough, Bergen County, New Jersey"
34003,3400320020,"Edgewater borough, Bergen County, New Jersey",3400320020,"Edgewater borough, Bergen County, New Jersey"
34003,3400321300,"Elmwood Park borough, Bergen County, New Jersey",3400321300,"Elmwood Park borough, Bergen County, New Jersey"
34003,3400321450,"Emerson borough, Bergen County, New Jersey",3400321450,"Emerson borough, Bergen County, New Jersey"
34003,3400321480,"Englewood city, Bergen County, New Jersey",3400321480,"Englewood city, Bergen County, New Jersey"
34003,3400321510,"Englewood Cliffs borough, Bergen County, New Jersey",3400321510,"Englewood Cliffs borough, Bergen County, New Jersey"
34003,3400322470,"Fair Lawn borough, Bergen County, New Jersey",3400322470,"Fair Lawn borough, Bergen County, New Jersey"
34003,3400322560,"Fairview borough, Bergen County, New Jersey",3400322560,"Fairview borough, Bergen County, New Jersey"
34003,3400324420,"Fort Lee borough, Bergen County, New Jersey",3400324420,"Fort Lee borough, Bergen County, New Jersey"
34003,3400324990,"Franklin Lakes borough, Bergen County, New Jersey",3400324990,"Franklin Lakes borough, Bergen County, New Jersey"
34003,3400325770,"Garfield city, Bergen County, New Jersey",3400325770,"Garfield city, Bergen County, New Jersey"
34003,3400326640,"Glen Rock borough, Bergen County, New Jersey",3400326640,"Glen Rock borough, Bergen County, New Jersey"
34003,3400328680,"Hackensack city, Bergen County, New Jersey",3400328680,"Hackensack city, Bergen County, New Jersey"
34003,3400330150,"Harrington Park borough, Bergen County, New Jersey",3400330150,"Harrington Park borough, Bergen County, New Jersey"
34003,3400330420,"Hasbrouck Heights borough, Bergen County, New Jersey",3400330420,"Hasbrouck Heights borough, Bergen County, New Jersey"
34003,3400330540,"Haworth borough, Bergen County, New Jersey",3400330540,"Haworth borough, Bergen County, New Jersey"
34003,3400331920,"Hillsdale borough, Bergen County, New Jersey",3400331920,"Hillsdale borough, Bergen County, New Jersey"
34003,3400332310,"Ho-Ho-Kus borough, Bergen County, New Jersey",3400332310,"Ho-Ho-Kus borough, Bergen County, New Jersey"
34003,3400340020,"Leonia borough, Bergen County, New Jersey",3400340020,"Leonia borough, Bergen County, New Jersey"
34003,3400340680,"Little Ferry borough, Bergen County, New Jersey",3400340680,"Little Ferry borough, Bergen County, New Jersey"
34003,3400341100,"Lodi borough, Bergen County, New Jersey",3400341100,"Lodi borough, Bergen County, New Jersey"
34003,3400342090,"Lyndhurst township, Bergen County, New Jersey",3400342090,"Lyndhurst township, Bergen County, New Jersey"
34003,3400342750,"Mahwah township, Bergen County, New Jersey",3400342750,"Mahwah township, Bergen County, New Jersey"
34003,3400344880,"Maywood borough, Bergen County, New Jersey",3400344880,"Maywood borough, Bergen County, New Jersey"
34003,3400346110,"Midland Park borough, Bergen County, New Jersey",3400346110,"Midland Park borough, Bergen County, New Jersey"
34003,3400347610,"Montvale borough, Bergen County, New Jersey",3400347610,"Montvale borough, Bergen County, New Jersey"
34003,3400347700,"Moonachie borough, Bergen County, New Jersey",3400347700,"Moonachie borough, Bergen County, New Jersey"
34003,3400351660,"New Milford borough, Bergen County, New Jersey",3400351660,"New Milford borough, Bergen County, New Jersey"
34003,3400352320,"North Arlington borough, Bergen County, New Jersey",3400352320,"North Arlington borough, Bergen County, New Jersey"
34003,3400353430,"Northvale borough, Bergen County, New Jersey",3400353430,"Northvale borough, Bergen County, New Jersey"
34003,3400353610,"Norwood borough, Bergen County, New Jersey",3400353610,"Norwood borough, Bergen County, New Jersey"
34003,3400353850,"Oakland borough, Bergen County, New Jersey",3400353850,"Oakland borough, Bergen County, New Jersey"
34003,3400354870,"Old Tappan borough, Bergen County, New Jersey",3400354870,"Old Tappan borough, Bergen County, New Jersey"
34003,3400354990,"Oradell borough, Bergen County, New Jersey",3400354990,"Oradell borough, Bergen County, New Jersey"
34003,3400355770,"Palisades Park borough, Bergen County, New Jersey",3400355770,"Palisades Park borough, Bergen County, New Jersey"
34003,3400355950,"Paramus borough, Bergen County, New Jersey",3400355950,"Paramus borough, Bergen County, New Jersey"
34003,3400356130,"Park Ridge borough, Bergen County, New Jersey",3400356130,"Park Ridge borough, Bergen County, New Jersey"
34003,3400361680,"Ramsey borough, Bergen County, New Jersey",3400361680,"Ramsey borough, Bergen County, New Jersey"
34003,3400362910,"Ridgefield borough, Bergen County, New Jersey",3400362910,"Ridgefield borough, Bergen County, New Jersey"
34003,3400362940,"Ridgefield Park village, Bergen County, New Jersey",3400362940,"Ridgefield Park village, Bergen County, New Jersey"
34003,3400363000,"Ridgewood village, Bergen County, New Jersey",3400363000,"Ridgewood village, Bergen County, New Jersey"
34003,3400363360,"River Edge borough, Bergen County, New Jersey",3400363360,"River Edge borough, Bergen County, New Jersey"
34003,3400363690,"River Vale township, Bergen County, New Jersey",3400363690,"River Vale township, Bergen County, New Jersey"
34003,3400363990,"Rochelle Park township, Bergen County, New Jersey",3400363990,"Rochelle Park township, Bergen County, New Jersey"
34003,3400364170,"Rockleigh borough, Bergen County, New Jersey",3400364170,"Rockleigh borough, Bergen County, New Jersey"
34003,3400365280,"Rutherford borough, Bergen County, New Jersey",3400365280,"Rutherford borough, Bergen County, New Jersey"
34003,3400365340,"Saddle Brook township, Bergen County, New Jersey",3400365340,"Saddle Brook township, Bergen County, New Jersey"
34003,3400365400,"Saddle River borough, Bergen County, New Jersey",3400365400,"Saddle River borough, Bergen County, New Jersey"
34003,3400368970,"South Hackensack township, Bergen County, New Jersey",3400368970,"South Hackensack township, Bergen County, New Jersey"
34003,3400372360,"Teaneck township, Bergen County, New Jersey",3400372360,"Teaneck township, Bergen County, New Jersey"
34003,3400372420,"Tenafly borough, Bergen County, New Jersey",3400372420,"Tenafly borough, Bergen County, New Jersey"
34003,3400372480,"Teterboro borough, Bergen County, New Jersey",3400372480,"Teterboro borough, Bergen County, New Jersey"
34003,3400375140,"Upper Saddle River borough, Bergen County, New Jersey",3400375140,"Upper Saddle River borough, Bergen County, New Jersey"
34003,3400376400,"Waldwick borough, Bergen County, New Jersey",3400376400,"Waldwick borough, Bergen County, New Jersey"
34003,3400376490,"Wallington borough, Bergen County, New Jersey",3400376490,"Wallington borough, Bergen County, New Jersey"
34003,3400377135,"Washington township, Bergen County, New Jersey",3400377135,"Washington township, Bergen County, New Jersey"
34003,3400380270,"Westwood borough, Bergen County, New Jersey",3400380270,"Westwood borough, Bergen County, New Jersey"
34003,3400382300,"Woodcliff Lake borough, Bergen County, New Jersey",3400382300,"Woodcliff Lake borough, Bergen County, New Jersey"
34003,3400382570,"Wood-Ridge borough, Bergen County, New Jersey",3400382570,"Wood-Ridge borough, Bergen County, New Jersey"
34003,3400383050,"Wyckoff township, Bergen County, New Jersey",3400383050,"Wyckoff township, Bergen County, New Jersey"
34013,3401304695,"Belleville township, Essex County, New Jersey",3401304695,"Belleville township, Essex County, New Jersey"
34013,3401306260,"Bloomfield township, Essex County, New Jersey",3401306260,"Bloomfield township, Essex County, New Jersey"
34013,3401309220,"Caldwell borough, Essex County, New Jersey",3401309250,"Caldwell borough, Essex County, New Jersey"
34013,3401311200,"Cedar Grove township, Essex County, New Jersey",3401311200,"Cedar Grove township, Essex County, New Jersey"
34013,3401313045,"City of Orange township, Essex County, New Jersey",3401313045,"City of Orange township, Essex County, New Jersey"
34013,3401319390,"East Orange city, Essex County, New Jersey",3401319390,"East Orange city, Essex County, New Jersey"
34013,3401321840,"Essex Fells borough, Essex County, New Jersey",3401321840,"Essex Fells borough, Essex County, New Jersey"
34013,3401322385,"Fairfield township, Essex County, New Jersey",3401322385,"Fairfield township, Essex County, New Jersey"
34013,3401326610,"Glen Ridge borough, Essex County, New Jersey",3401326610,"Glen Ridge borough, Essex County, New Jersey"
34013,3401334450,"Irvington township, Essex County, New Jersey",3401334450,"Irvington township, Essex County, New Jersey"
34013,3401340890,"Livingston township, Essex County, New Jersey",3401340890,"Livingston township, Essex County, New Jersey"
34013,3401343800,"Maplewood township, Essex County, New Jersey",3401343800,"Maplewood township, Essex County, New Jersey"
34013,3401346380,"Millburn township, Essex County, New Jersey",3401346380,"Millburn township, Essex County, New Jersey"
34013,3401347500,"Montclair township, Essex County, New Jersey",3401347500,"Montclair township, Essex County, New Jersey"
34013,3401351000,"Newark city, Essex County, New Jersey",3401351000,"Newark city, Essex County, New Jersey"
34013,3401352620,"North Caldwell borough, Essex County, New Jersey",3401352620,"North Caldwell borough, Essex County, New Jersey"
34013,3401353680,"Nutley township, Essex County, New Jersey",3401353680,"Nutley township, Essex County, New Jersey"
34013,3401364590,"Roseland borough, Essex County, New Jersey",3401364590,"Roseland borough, Essex County, New Jersey"
34013,3401369274,"South Orange Village township, Essex County, New Jersey",3401369274,"South Orange Village township, Essex County, New Jersey"
34013,3401375815,"Verona township, Essex County, New Jersey",3401375815,"Verona township, Essex County, New Jersey"
34013,3401378510,"West Caldwell township, Essex County, New Jersey",3401378510,"West Caldwell township, Essex County, New Jersey"
34013,3401379800,"West Orange township, Essex County, New Jersey",3401379800,"West Orange township, Essex County, New Jersey"
34017,3401703580,"Bayonne city, Hudson County, New Jersey",3401703580,"Bayonne city, Hudson County, New Jersey"
34017,3401719360,"East Newark borough, Hudson County, New Jersey",3401719360,"East Newark borough, Hudson County, New Jersey"
34017,3401728650,"Guttenberg town, Hudson County, New Jersey",3401728650,"Guttenberg town, Hudson County, New Jersey"
34017,3401730210,"Harrison town, Hudson County, New Jersey",3401730210,"Harrison town, Hudson County, New Jersey"
34017,3401732250,"Hoboken city, Hudson County, New Jersey",3401732250,"Hoboken city, Hudson County, New Jersey"
34017,3401736000,"Jersey City city, Hudson County, New Jersey",3401736000,"Jersey City city, Hudson County, New Jersey"
34017,3401736510,"Kearny town, Hudson County, New Jersey",3401736510,"Kearny town, Hudson County, New Jersey"
34017,3401752470,"North Bergen township, Hudson County, New Jersey",3401752470,"North Bergen township, Hudson County, New Jersey"
34017,3401766570,"Secaucus town, Hudson County, New Jersey",3401766570,"Secaucus town, Hudson County, New Jersey"
34017,3401774630,"Union City city, Hudson County, New Jersey",3401774630,"Union City city, Hudson County, New Jersey"
34017,3401777930,"Weehawken township, Hudson County, New Jersey",3401777930,"Weehawken township, Hudson County, New Jersey"
34017,3401779610,"West New York town, Hudson County, New Jersey",3401779610,"West New York town, Hudson County, New Jersey"
34019,3401900550,"Alexandria township, Hunterdon County, New Jersey",3401900550,"Alexandria township, Hunterdon County, New Jersey"
34019,3401905650,"Bethlehem township, Hunterdon County, New Jersey",3401905650,"Bethlehem township, Hunterdon County, New Jersey"
34019,3401906370,"Bloomsbury borough, Hunterdon County, New Jersey",3401906370,"Bloomsbury borough, Hunterdon County, New Jersey"
34019,3401909280,"Califon borough, Hunterdon County, New Jersey",3401909280,"Califon borough, Hunterdon County, New Jersey"
34019,3401913720,"Clinton town, Hunterdon County, New Jersey",3401913720,"Clinton town, Hunterdon County, New Jersey"
34019,3401913750,"Clinton township, Hunterdon County, New Jersey",3401913750,"Clinton township, Hunterdon County, New Jersey"
34019,3401917170,"Delaware township, Hunterdon County, New Jersey",3401917170,"Delaware township, Hunterdon County, New Jersey"
34019,3401918820,"East Amwell township, Hunterdon County, New Jersey",3401918820,"East Amwell township, Hunterdon County, New Jersey"
34019,3401923700,"Flemington borough, Hunterdon County, New Jersey",3401923700,"Flemington borough, Hunterdon County, New Jersey"
34019,3401924870,"Franklin township, Hunterdon County, New Jersey",3401924870,"Franklin township, Hunterdon County, New Jersey"
34019,3401925350,"Frenchtown borough, Hunterdon County, New Jersey",3401925350,"Frenchtown borough, Hunterdon County, New Jersey"
34019,3401926550,"Glen Gardner borough, Hunterdon County, New Jersey",3401926550,"Glen Gardner borough, Hunterdon County, New Jersey"
34019,3401929460,"Hampton borough, Hunterdon County, New Jersey",3401929460,"Hampton borough, Hunterdon County, New Jersey"
34019,3401931320,"High Bridge borough, Hunterdon County, New Jersey",3401931320,"High Bridge borough, Hunterdon County, New Jersey"
34019,3401932460,"Holland township, Hunterdon County, New Jersey",3401932460,"Holland township, Hunterdon County, New Jersey"
34019,3401937065,"Kingwood township, Hunterdon County, New Jersey",3401937065,"Kingwood township, Hunterdon County, New Jersey"
34019,3401938610,"Lambertville city, Hunterdon County, New Jersey",3401938610,"Lambertville city, Hunterdon County, New Jersey"
34019,3401939630,"Lebanon borough, Hunterdon County, New Jersey",3401939630,"Lebanon borough, Hunterdon County, New Jersey"
34019,3401939660,"Lebanon township, Hunterdon County, New Jersey",3401939660,"Lebanon township, Hunterdon County, New Jersey"
34019,3401946260,"Milford borough, Hunterdon County, New Jersey",3401946260,"Milford borough, Hunterdon County, New Jersey"
34019,3401961920,"Raritan township, Hunterdon County, New Jersey",3401961920,"Raritan township, Hunterdon County, New Jersey"
34019,3401962250,"Readington township, Hunterdon County, New Jersey",3401962250,"Readington township, Hunterdon County, New Jersey"
34019,3401970980,"Stockton borough, Hunterdon County, New Jersey",3401970980,"Stockton borough, Hunterdon County, New Jersey"
34019,3401972510,"Tewksbury township, Hunterdon County, New Jersey",3401972510,"Tewksbury township, Hunterdon County, New Jersey"
34019,3401974420,"Union township, Hunterdon County, New Jersey",3401974420,"Union township, Hunterdon County, New Jersey"
34019,3401978230,"West Amwell township, Hunterdon County, New Jersey",3401978230,"West Amwell township, Hunterdon County, New Jersey"
34021,3402119780,"East Windsor township, Mercer County, New Jersey",3402119780,"East Windsor township, Mercer County, New Jersey"
34021,3402122185,"Ewing township, Mercer County, New Jersey",3402122185,"Ewing township, Mercer County, New Jersey"
34021,3402129310,"Hamilton township, Mercer County, New Jersey",3402129310,"Hamilton township, Mercer County, New Jersey"
34021,3402131620,"Hightstown borough, Mercer County, New Jersey",3402131620,"Hightstown borough, Mercer County, New Jersey"
34021,3402133150,"Hopewell borough, Mercer County, New Jersey",3402133150,"Hopewell borough, Mercer County, New Jersey"
34021,3402133180,"Hopewell township, Mercer County, New Jersey",3402133180,"Hopewell township, Mercer County, New Jersey"
34021,3402139510,"Lawrence township, Mercer County, New Jersey",3402139510,"Lawrence township, Mercer County, New Jersey"
34021,3402157600,"Pennington borough, Mercer County, New Jersey",3402157600,"Pennington borough, Mercer County, New Jersey"
34021,3402160900,"Princeton borough, Mercer County, New Jersey",3402160900,"Princeton borough, Mercer County, New Jersey"
34021,3402160915,"Princeton township, Mercer County, New Jersey",3402160900,"Princeton township, Mercer County, New Jersey"
34021,3402174000,"Trenton city, Mercer County, New Jersey",3402174000,"Trenton city, Mercer County, New Jersey"
34021,3402177210,"Washington township, Mercer County, New Jersey",3402163850,"Robbinsville township, Mercer County, New Jersey"
34021,3402180240,"West Windsor township, Mercer County, New Jersey",3402180240,"West Windsor township, Mercer County, New Jersey"
34023,3402310750,"Carteret borough, Middlesex County, New Jersey",3402310750,"Carteret borough, Middlesex County, New Jersey"
34023,3402315550,"Cranbury township, Middlesex County, New Jersey",3402315550,"Cranbury township, Middlesex County, New Jersey"
34023,3402318490,"Dunellen borough, Middlesex County, New Jersey",3402318490,"Dunellen borough, Middlesex County, New Jersey"
34023,3402319000,"East Brunswick township, Middlesex County, New Jersey",3402319000,"East Brunswick township, Middlesex County, New Jersey"
34023,3402320230,"Edison township, Middlesex County, New Jersey",3402320230,"Edison township, Middlesex County, New Jersey"
34023,3402330840,"Helmetta borough, Middlesex County, New Jersey",3402330840,"Helmetta borough, Middlesex County, New Jersey"
34023,3402331470,"Highland Park borough, Middlesex County, New Jersey",3402331470,"Highland Park borough, Middlesex County, New Jersey"
34023,3402334890,"Jamesburg borough, Middlesex County, New Jersey",3402334890,"Jamesburg borough, Middlesex County, New Jersey"
34023,3402345690,"Metuchen borough, Middlesex County, New Jersey",3402345690,"Metuchen borough, Middlesex County, New Jersey"
34023,3402345900,"Middlesex borough, Middlesex County, New Jersey",3402345900,"Middlesex borough, Middlesex County, New Jersey"
34023,3402346620,"Milltown borough, Middlesex County, New Jersey",3402346620,"Milltown borough, Middlesex County, New Jersey"
34023,3402347280,"Monroe township, Middlesex County, New Jersey",3402347280,"Monroe township, Middlesex County, New Jersey"
34023,3402351210,"New Brunswick city, Middlesex County, New Jersey",3402351210,"New Brunswick city, Middlesex County, New Jersey"
34023,3402352560,"North Brunswick township, Middlesex County, New Jersey",3402352560,"North Brunswick township, Middlesex County, New Jersey"
34023,3402354705,"Old Bridge township, Middlesex County, New Jersey",3402354705,"Old Bridge township, Middlesex County, New Jersey"
34023,3402358200,"Perth Amboy city, Middlesex County, New Jersey",3402358200,"Perth Amboy city, Middlesex County, New Jersey"
34023,3402359010,"Piscataway township, Middlesex County, New Jersey",3402359010,"Piscataway township, Middlesex County, New Jersey"
34023,3402359280,"Plainsboro township, Middlesex County, New Jersey",3402359280,"Plainsboro township, Middlesex County, New Jersey"
34023,3402365790,"Sayreville borough, Middlesex County, New Jersey",3402365790,"Sayreville borough, Middlesex County, New Jersey"
34023,3402368550,"South Amboy city, Middlesex County, New Jersey",3402368550,"South Amboy city, Middlesex County, New Jersey"
34023,3402368790,"South Brunswick township, Middlesex County, New Jersey",3402368790,"South Brunswick township, Middlesex County, New Jersey"
34023,3402369390,"South Plainfield borough, Middlesex County, New Jersey",3402369390,"South Plainfield borough, Middlesex County, New Jersey"
34023,3402369420,"South River borough, Middlesex County, New Jersey",3402369420,"South River borough, Middlesex County, New Jersey"
34023,3402369810,"Spotswood borough, Middlesex County, New Jersey",3402369810,"Spotswood borough, Middlesex County, New Jersey"
34023,3402382000,"Woodbridge township, Middlesex County, New Jersey",3402382000,"Woodbridge township, Middlesex County, New Jersey"
34025,3402500000,"County subdivisions not defined, Monmouth County, New Jersey",3402500000,"County subdivisions not defined, Monmouth County, New Jersey"
34025,3402500070,"Aberdeen township, Monmouth County, New Jersey",3402500070,"Aberdeen township, Monmouth County, New Jersey"
34025,3402500730,"Allenhurst borough, Monmouth County, New Jersey",3402500730,"Allenhurst borough, Monmouth County, New Jersey"
34025,3402500760,"Allentown borough, Monmouth County, New Jersey",3402500760,"Allentown borough, Monmouth County, New Jersey"
34025,3402501960,"Asbury Park city, Monmouth County, New Jersey",3402501960,"Asbury Park city, Monmouth County, New Jersey"
34025,3402502110,"Atlantic Highlands borough, Monmouth County, New Jersey",3402502110,"Atlantic Highlands borough, Monmouth County, New Jersey"
34025,3402502440,"Avon-by-the-Sea borough, Monmouth County, New Jersey",3402502440,"Avon-by-the-Sea borough, Monmouth County, New Jersey"
34025,3402504930,"Belmar borough, Monmouth County, New Jersey",3402504930,"Belmar borough, Monmouth County, New Jersey"
34025,3402506970,"Bradley Beach borough, Monmouth County, New Jersey",3402506970,"Bradley Beach borough, Monmouth County, New Jersey"
34025,3402507750,"Brielle borough, Monmouth County, New Jersey",3402507750,"Brielle borough, Monmouth County, New Jersey"
34025,3402514560,"Colts Neck township, Monmouth County, New Jersey",3402514560,"Colts Neck township, Monmouth County, New Jersey"
34025,3402516660,"Deal borough, Monmouth County, New Jersey",3402516660,"Deal borough, Monmouth County, New Jersey"
34025,3402519840,"Eatontown borough, Monmouth County, New Jersey",3402519840,"Eatontown borough, Monmouth County, New Jersey"
34025,3402521570,"Englishtown borough, Monmouth County, New Jersey",3402521570,"Englishtown borough, Monmouth County, New Jersey"
34025,3402522440,"Fair Haven borough, Monmouth County, New Jersey",3402522440,"Fair Haven borough, Monmouth County, New Jersey"
34025,3402522950,"Farmingdale borough, Monmouth County, New Jersey",3402522950,"Farmingdale borough, Monmouth County, New Jersey"
34025,3402525200,"Freehold borough, Monmouth County, New Jersey",3402525200,"Freehold borough, Monmouth County, New Jersey"
34025,3402525230,"Freehold township, Monmouth County, New Jersey",3402525230,"Freehold township, Monmouth County, New Jersey"
34025,3402530690,"Hazlet township, Monmouth County, New Jersey",3402530690,"Hazlet township, Monmouth County, New Jersey"
34025,3402531500,"Highlands borough, Monmouth County, New Jersey",3402531500,"Highlands borough, Monmouth County, New Jersey"
34025,3402532640,"Holmdel township, Monmouth County, New Jersey",3402532640,"Holmdel township, Monmouth County, New Jersey"
34025,3402533300,"Howell township, Monmouth County, New Jersey",3402533300,"Howell township, Monmouth County, New Jersey"
34025,3402534200,"Interlaken borough, Monmouth County, New Jersey",3402534200,"Interlaken borough, Monmouth County, New Jersey"
34025,3402536480,"Keansburg borough, Monmouth County, New Jersey",3402536480,"Keansburg borough, Monmouth County, New Jersey"
34025,3402536810,"Keyport borough, Monmouth County, New Jersey",3402536810,"Keyport borough, Monmouth County, New Jersey"
34025,3402540770,"Little Silver borough, Monmouth County, New Jersey",3402540770,"Little Silver borough, Monmouth County, New Jersey"
34025,3402541010,"Loch Arbour village, Monmouth County, New Jersey",3402541010,"Loch Arbour village, Monmouth County, New Jersey"
34025,3402541310,"Long Branch city, Monmouth County, New Jersey",3402541310,"Long Branch city, Monmouth County, New Jersey"
34025,3402542990,"Manalapan township, Monmouth County, New Jersey",3402542990,"Manalapan township, Monmouth County, New Jersey"
34025,3402543050,"Manasquan borough, Monmouth County, New Jersey",3402543050,"Manasquan borough, Monmouth County, New Jersey"
34025,3402544070,"Marlboro township, Monmouth County, New Jersey",3402544070,"Marlboro township, Monmouth County, New Jersey"
34025,3402544520,"Matawan borough, Monmouth County, New Jersey",3402544520,"Matawan borough, Monmouth County, New Jersey"
34025,3402545990,"Middletown township, Monmouth County, New Jersey",3402545990,"Middletown township, Monmouth County, New Jersey"
34025,3402546560,"Millstone township, Monmouth County, New Jersey",3402546560,"Millstone township, Monmouth County, New Jersey"
34025,3402547130,"Monmouth Beach borough, Monmouth County, New Jersey",3402547130,"Monmouth Beach borough, Monmouth County, New Jersey"
34025,3402549890,"Neptune township, Monmouth County, New Jersey",3402549890,"Neptune township, Monmouth County, New Jersey"
34025,3402549920,"Neptune City borough, Monmouth County, New Jersey",3402549920,"Neptune City borough, Monmouth County, New Jersey"
34025,3402554270,"Ocean township, Monmouth County, New Jersey",3402554270,"Ocean township, Monmouth County, New Jersey"
34025,3402554570,"Oceanport borough, Monmouth County, New Jersey",3402554570,"Oceanport borough, Monmouth County, New Jersey"
34025,3402562430,"Red Bank borough, Monmouth County, New Jersey",3402562430,"Red Bank borough, Monmouth County, New Jersey"
34025,3402564410,"Roosevelt borough, Monmouth County, New Jersey",3402564410,"Roosevelt borough, Monmouth County, New Jersey"
34025,3402565130,"Rumson borough, Monmouth County, New Jersey",3402565130,"Rumson borough, Monmouth County, New Jersey"
34025,3402566240,"Sea Bright borough, Monmouth County, New Jersey",3402566240,"Sea Bright borough, Monmouth County, New Jersey"
34025,3402566330,"Sea Girt borough, Monmouth County, New Jersey",3402566330,"Sea Girt borough, Monmouth County, New Jersey"
34025,3402567350,"Shrewsbury borough, Monmouth County, New Jersey",3402567350,"Shrewsbury borough, Monmouth County, New Jersey"
34025,3402567365,"Shrewsbury township, Monmouth County, New Jersey",3402567365,"Shrewsbury township, Monmouth County, New Jersey"
34025,3402568670,"South Belmar borough, Monmouth County, New Jersey",3402537560,"Lake Como borough, Monmouth County, New Jersey"
34025,3402570110,"Spring Lake borough, Monmouth County, New Jersey",3402570110,"Spring Lake borough, Monmouth County, New Jersey"
34025,3402570140,"Spring Lake Heights borough, Monmouth County, New Jersey",3402570140,"Spring Lake Heights borough, Monmouth County, New Jersey"
34025,3402573020,"Tinton Falls borough, Monmouth County, New Jersey",3402573020,"Tinton Falls borough, Monmouth County, New Jersey"
34025,3402574540,"Union Beach borough, Monmouth County, New Jersey",3402574540,"Union Beach borough, Monmouth County, New Jersey"
34025,3402574900,"Upper Freehold township, Monmouth County, New Jersey",3402574900,"Upper Freehold township, Monmouth County, New Jersey"
34025,3402576460,"Wall township, Monmouth County, New Jersey",3402576460,"Wall township, Monmouth County, New Jersey"
34025,3402579310,"West Long Branch borough, Monmouth County, New Jersey",3402579310,"West Long Branch borough, Monmouth County, New Jersey"
34027,3402706610,"Boonton town, Morris County, New Jersey",3402706610,"Boonton town, Morris County, New Jersey"
34027,3402706640,"Boonton township, Morris County, New Jersey",3402706640,"Boonton township, Morris County, New Jersey"
34027,3402709040,"Butler borough, Morris County, New Jersey",3402709040,"Butler borough, Morris County, New Jersey"
34027,3402712100,"Chatham borough, Morris County, New Jersey",3402712100,"Chatham borough, Morris County, New Jersey"
34027,3402712130,"Chatham township, Morris County, New Jersey",3402712130,"Chatham township, Morris County, New Jersey"
34027,3402712580,"Chester borough, Morris County, New Jersey",3402712580,"Chester borough, Morris County, New Jersey"
34027,3402712610,"Chester township, Morris County, New Jersey",3402712610,"Chester township, Morris County, New Jersey"
34027,3402717650,"Denville township, Morris County, New Jersey",3402717650,"Denville township, Morris County, New Jersey"
34027,3402718070,"Dover town, Morris County, New Jersey",3402718070,"Dover town, Morris County, New Jersey"
34027,3402719210,"East Hanover township, Morris County, New Jersey",3402719210,"East Hanover township, Morris County, New Jersey"
34027,3402723910,"Florham Park borough, Morris County, New Jersey",3402723910,"Florham Park borough, Morris County, New Jersey"
34027,3402729550,"Hanover township, Morris County, New Jersey",3402729550,"Hanover township, Morris County, New Jersey"
34027,3402729700,"Harding township, Morris County, New Jersey",3402729700,"Harding township, Morris County, New Jersey"
34027,3402734980,"Jefferson township, Morris County, New Jersey",3402734980,"Jefferson township, Morris County, New Jersey"
34027,3402737110,"Kinnelon borough, Morris County, New Jersey",3402737110,"Kinnelon borough, Morris County, New Jersey"
34027,3402740290,"Lincoln Park borough, Morris County, New Jersey",3402740290,"Lincoln Park borough, Morris County, New Jersey"
34027,3402741362,"Long Hill township, Morris County, New Jersey",3402741362,"Long Hill township, Morris County, New Jersey"
34027,3402742510,"Madison borough, Morris County, New Jersey",3402742510,"Madison borough, Morris County, New Jersey"
34027,3402745330,"Mendham borough, Morris County, New Jersey",3402745330,"Mendham borough, Morris County, New Jersey"
34027,3402745360,"Mendham township, Morris County, New Jersey",3402745360,"Mendham township, Morris County, New Jersey"
34027,3402746860,"Mine Hill township, Morris County, New Jersey",3402746860,"Mine Hill township, Morris County, New Jersey"
34027,3402747670,"Montville township, Morris County, New Jersey",3402747670,"Montville township, Morris County, New Jersey"
34027,3402748090,"Morris township, Morris County, New Jersey",3402748090,"Morris township, Morris County, New Jersey"
34027,3402748210,"Morris Plains borough, Morris County, New Jersey",3402748210,"Morris Plains borough, Morris County, New Jersey"
34027,3402748300,"Morristown town, Morris County, New Jersey",3402748300,"Morristown town, Morris County, New Jersey"
34027,3402748480,"Mountain Lakes borough, Morris County, New Jersey",3402748480,"Mountain Lakes borough, Morris County, New Jersey"
34027,3402748690,"Mount Arlington borough, Morris County, New Jersey",3402748690,"Mount Arlington borough, Morris County, New Jersey"
34027,3402749080,"Mount Olive township, Morris County, New Jersey",3402749080,"Mount Olive township, Morris County, New Jersey"
34027,3402750130,"Netcong borough, Morris County, New Jersey",3402750130,"Netcong borough, Morris County, New Jersey"
34027,3402756460,"Parsippany-Troy Hills township, Morris County, New Jersey",3402756460,"Parsippany-Troy Hills township, Morris County, New Jersey"
34027,3402758110,"Pequannock township, Morris County, New Jersey",3402758110,"Pequannock township, Morris County, New Jersey"
34027,3402761890,"Randolph township, Morris County, New Jersey",3402761890,"Randolph township, Morris County, New Jersey"
34027,3402763300,"Riverdale borough, Morris County, New Jersey",3402763300,"Riverdale borough, Morris County, New Jersey"
34027,3402764050,"Rockaway borough, Morris County, New Jersey",3402764050,"Rockaway borough, Morris County, New Jersey"
34027,3402764080,"Rockaway township, Morris County, New Jersey",3402764080,"Rockaway township, Morris County, New Jersey"
34027,3402764980,"Roxbury township, Morris County, New Jersey",3402764980,"Roxbury township, Morris County, New Jersey"
34027,3402775890,"Victory Gardens borough, Morris County, New Jersey",3402775890,"Victory Gardens borough, Morris County, New Jersey"
34027,3402777240,"Washington township, Morris County, New Jersey",3402777240,"Washington township, Morris County, New Jersey"
34027,3402780390,"Wharton borough, Morris County, New Jersey",3402780390,"Wharton borough, Morris County, New Jersey"
34029,3402900000,"County subdivisions not defined, Ocean County, New Jersey",3402900000,"County subdivisions not defined, Ocean County, New Jersey"
34029,3402903050,"Barnegat township, Ocean County, New Jersey",3402903050,"Barnegat township, Ocean County, New Jersey"
34029,3402903130,"Barnegat Light borough, Ocean County, New Jersey",3402903130,"Barnegat Light borough, Ocean County, New Jersey"
34029,3402903520,"Bay Head borough, Ocean County, New Jersey",3402903520,"Bay Head borough, Ocean County, New Jersey"
34029,3402903940,"Beach Haven borough, Ocean County, New Jersey",3402903940,"Beach Haven borough, Ocean County, New Jersey"
34029,3402904180,"Beachwood borough, Ocean County, New Jersey",3402904180,"Beachwood borough, Ocean County, New Jersey"
34029,3402905305,"Berkeley township, Ocean County, New Jersey",3402905305,"Berkeley township, Ocean County, New Jersey"
34029,3402907420,"Brick township, Ocean County, New Jersey",3402907420,"Brick township, Ocean County, New Jersey"
34029,3402918130,"Dover township, Ocean County, New Jersey",3402973125,"Toms River township, Ocean County, New Jersey"
34029,3402918670,"Eagleswood township, Ocean County, New Jersey",3402918670,"Eagleswood township, Ocean County, New Jersey"
34029,3402930390,"Harvey Cedars borough, Ocean County, New Jersey",3402930390,"Harvey Cedars borough, Ocean County, New Jersey"
34029,3402934530,"Island Heights borough, Ocean County, New Jersey",3402934530,"Island Heights borough, Ocean County, New Jersey"
34029,3402934680,"Jackson township, Ocean County, New Jersey",3402934680,"Jackson township, Ocean County, New Jersey"
34029,3402937380,"Lacey township, Ocean County, New Jersey",3402937380,"Lacey township, Ocean County, New Jersey"
34029,3402937770,"Lakehurst borough, Ocean County, New Jersey",3402937770,"Lakehurst borough, Ocean County, New Jersey"
34029,3402938550,"Lakewood township, Ocean County, New Jersey",3402938550,"Lakewood township, Ocean County, New Jersey"
34029,3402939390,"Lavallette borough, Ocean County, New Jersey",3402939390,"Lavallette borough, Ocean County, New Jersey"
34029,3402940560,"Little Egg Harbor township, Ocean County, New Jersey",3402940560,"Little Egg Harbor township, Ocean County, New Jersey"
34029,3402941250,"Long Beach township, Ocean County, New Jersey",3402941250,"Long Beach township, Ocean County, New Jersey"
34029,3402943140,"Manchester township, Ocean County, New Jersey",3402943140,"Manchester township, Ocean County, New Jersey"
34029,3402943380,"Mantoloking borough, Ocean County, New Jersey",3402943380,"Mantoloking borough, Ocean County, New Jersey"
34029,3402954300,"Ocean township, Ocean County, New Jersey",3402954300,"Ocean township, Ocean County, New Jersey"
34029,3402954450,"Ocean Gate borough, Ocean County, New Jersey",3402954450,"Ocean Gate borough, Ocean County, New Jersey"
34029,3402958590,"Pine Beach borough, Ocean County, New Jersey",3402958590,"Pine Beach borough, Ocean County, New Jersey"
34029,3402959790,"Plumsted township, Ocean County, New Jersey",3402959790,"Plumsted township, Ocean County, New Jersey"
34029,3402959880,"Point Pleasant borough, Ocean County, New Jersey",3402959880,"Point Pleasant borough, Ocean County, New Jersey"
34029,3402959910,"Point Pleasant Beach borough, Ocean County, New Jersey",3402959910,"Point Pleasant Beach borough, Ocean County, New Jersey"
34029,3402966450,"Seaside Heights borough, Ocean County, New Jersey",3402966450,"Seaside Heights borough, Ocean County, New Jersey"
34029,3402966480,"Seaside Park borough, Ocean County, New Jersey",3402966480,"Seaside Park borough, Ocean County, New Jersey"
34029,3402967110,"Ship Bottom borough, Ocean County, New Jersey",3402967110,"Ship Bottom borough, Ocean County, New Jersey"
34029,3402969510,"South Toms River borough, Ocean County, New Jersey",3402969510,"South Toms River borough, Ocean County, New Jersey"
34029,3402970320,"Stafford township, Ocean County, New Jersey",3402970320,"Stafford township, Ocean County, New Jersey"
34029,3402971640,"Surf City borough, Ocean County, New Jersey",3402971640,"Surf City borough, Ocean County, New Jersey"
34029,3402974210,"Tuckerton borough, Ocean County, New Jersey",3402974210,"Tuckerton borough, Ocean County, New Jersey"
34031,3403106340,"Bloomingdale borough, Passaic County, New Jersey",3403106340,"Bloomingdale borough, Passaic County, New Jersey"
34031,3403113690,"Clifton city, Passaic County, New Jersey",3403113690,"Clifton city, Passaic County, New Jersey"
34031,3403129070,"Haledon borough, Passaic County, New Jersey",3403129070,"Haledon borough, Passaic County, New Jersey"
34031,3403130570,"Hawthorne borough, Passaic County, New Jersey",3403130570,"Hawthorne borough, Passaic County, New Jersey"
34031,3403140620,"Little Falls township, Passaic County, New Jersey",3403140620,"Little Falls township, Passaic County, New Jersey"
34031,3403153040,"North Haledon borough, Passaic County, New Jersey",3403153040,"North Haledon borough, Passaic County, New Jersey"
34031,3403156550,"Passaic city, Passaic County, New Jersey",3403156550,"Passaic city, Passaic County, New Jersey"
34031,3403157000,"Paterson city, Passaic County, New Jersey",3403157000,"Paterson city, Passaic County, New Jersey"
34031,3403160090,"Pompton Lakes borough, Passaic County, New Jersey",3403160090,"Pompton Lakes borough, Passaic County, New Jersey"
34031,3403161170,"Prospect Park borough, Passaic County, New Jersey",3403161170,"Prospect Park borough, Passaic County, New Jersey"
34031,3403163150,"Ringwood borough, Passaic County, New Jersey",3403163150,"Ringwood borough, Passaic County, New Jersey"
34031,3403173140,"Totowa borough, Passaic County, New Jersey",3403173140,"Totowa borough, Passaic County, New Jersey"
34031,3403176730,"Wanaque borough, Passaic County, New Jersey",3403176730,"Wanaque borough, Passaic County, New Jersey"
34031,3403177840,"Wayne township, Passaic County, New Jersey",3403177840,"Wayne township, Passaic County, New Jersey"
34031,3403179460,"West Milford township, Passaic County, New Jersey",3403179460,"West Milford township, Passaic County, New Jersey"
34031,3403179820,"West Paterson borough, Passaic County, New Jersey",3403182423,"Woodland Park borough, Passaic County, New Jersey"
34035,3403504450,"Bedminster township, Somerset County, New Jersey",3403504450,"Bedminster township, Somerset County, New Jersey"
34035,3403505560,"Bernards township, Somerset County, New Jersey",3403505560,"Bernards township, Somerset County, New Jersey"
34035,3403505590,"Bernardsville borough, Somerset County, New Jersey",3403505590,"Bernardsville borough, Somerset County, New Jersey"
34035,3403506790,"Bound Brook borough, Somerset County, New Jersey",3403506790,"Bound Brook borough, Somerset County, New Jersey"
34035,3403507180,"Branchburg township, Somerset County, New Jersey",3403507180,"Branchburg township, Somerset County, New Jersey"
34035,3403507720,"Bridgewater township, Somerset County, New Jersey",3403507720,"Bridgewater township, Somerset County, New Jersey"
34035,3403522890,"Far Hills borough, Somerset County, New Jersey",3403522890,"Far Hills borough, Somerset County, New Jersey"
34035,3403524900,"Franklin township, Somerset County, New Jersey",3403524900,"Franklin township, Somerset County, New Jersey"
34035,3403527510,"Green Brook township, Somerset County, New Jersey",3403527510,"Green Brook township, Somerset County, New Jersey"
34035,3403531890,"Hillsborough township, Somerset County, New Jersey",3403531890,"Hillsborough township, Somerset County, New Jersey"
34035,3403543620,"Manville borough, Somerset County, New Jersey",3403543620,"Manville borough, Somerset County, New Jersey"
34035,3403546590,"Millstone borough, Somerset County, New Jersey",3403546590,"Millstone borough, Somerset County, New Jersey"
34035,3403547580,"Montgomery township, Somerset County, New Jersey",3403547580,"Montgomery township, Somerset County, New Jersey"
34035,3403553280,"North Plainfield borough, Somerset County, New Jersey",3403553280,"North Plainfield borough, Somerset County, New Jersey"
34035,3403557300,"Peapack and Gladstone borough, Somerset County, New Jersey",3403557300,"Peapack and Gladstone borough, Somerset County, New Jersey"
34035,3403561980,"Raritan borough, Somerset County, New Jersey",3403561980,"Raritan borough, Somerset County, New Jersey"
34035,3403564320,"Rocky Hill borough, Somerset County, New Jersey",3403564320,"Rocky Hill borough, Somerset County, New Jersey"
34035,3403568460,"Somerville borough, Somerset County, New Jersey",3403568460,"Somerville borough, Somerset County, New Jersey"
34035,3403568730,"South Bound Brook borough, Somerset County, New Jersey",3403568730,"South Bound Brook borough, Somerset County, New Jersey"
34035,3403576940,"Warren township, Somerset County, New Jersey",3403576940,"Warren township, Somerset County, New Jersey"
34035,3403577600,"Watchung borough, Somerset County, New Jersey",3403577600,"Watchung borough, Somerset County, New Jersey"
34037,3403701330,"Andover borough, Sussex County, New Jersey",3403701330,"Andover borough, Sussex County, New Jersey"
34037,3403701360,"Andover township, Sussex County, New Jersey",3403701360,"Andover township, Sussex County, New Jersey"
34037,3403707300,"Branchville borough, Sussex County, New Jersey",3403707300,"Branchville borough, Sussex County, New Jersey"
34037,3403709160,"Byram township, Sussex County, New Jersey",3403709160,"Byram township, Sussex County, New Jersey"
34037,3403724810,"Frankford township, Sussex County, New Jersey",3403724810,"Frankford township, Sussex County, New Jersey"
34037,3403724930,"Franklin borough, Sussex County, New Jersey",3403724930,"Franklin borough, Sussex County, New Jersey"
34037,3403725140,"Fredon township, Sussex County, New Jersey",3403725140,"Fredon township, Sussex County, New Jersey"
34037,3403727420,"Green township, Sussex County, New Jersey",3403727420,"Green township, Sussex County, New Jersey"
34037,3403729220,"Hamburg borough, Sussex County, New Jersey",3403729220,"Hamburg borough, Sussex County, New Jersey"
34037,3403729490,"Hampton township, Sussex County, New Jersey",3403729490,"Hampton township, Sussex County, New Jersey"
34037,3403729850,"Hardyston township, Sussex County, New Jersey",3403729850,"Hardyston township, Sussex County, New Jersey"
34037,3403732910,"Hopatcong borough, Sussex County, New Jersey",3403732910,"Hopatcong borough, Sussex County, New Jersey"
34037,3403737440,"Lafayette township, Sussex County, New Jersey",3403737440,"Lafayette township, Sussex County, New Jersey"
34037,3403747430,"Montague township, Sussex County, New Jersey",3403747430,"Montague township, Sussex County, New Jersey"
34037,3403751930,"Newton town, Sussex County, New Jersey",3403751930,"Newton town, Sussex County, New Jersey"
34037,3403754660,"Ogdensburg borough, Sussex County, New Jersey",3403754660,"Ogdensburg borough, Sussex County, New Jersey"
34037,3403765700,"Sandyston township, Sussex County, New Jersey",3403765700,"Sandyston township, Sussex County, New Jersey"
34037,3403769690,"Sparta township, Sussex County, New Jersey",3403769690,"Sparta township, Sussex County, New Jersey"
34037,3403770380,"Stanhope borough, Sussex County, New Jersey",3403770380,"Stanhope borough, Sussex County, New Jersey"
34037,3403770890,"Stillwater township, Sussex County, New Jersey",3403770890,"Stillwater township, Sussex County, New Jersey"
34037,3403771670,"Sussex borough, Sussex County, New Jersey",3403771670,"Sussex borough, Sussex County, New Jersey"
34037,3403775740,"Vernon township, Sussex County, New Jersey",3403775740,"Vernon township, Sussex County, New Jersey"
34037,3403776640,"Walpack township, Sussex County, New Jersey",3403776640,"Walpack township, Sussex County, New Jersey"
34037,3403776790,"Wantage township, Sussex County, New Jersey",3403776790,"Wantage township, Sussex County, New Jersey"
34039,3403905320,"Berkeley Heights township, Union County, New Jersey",3403905320,"Berkeley Heights township, Union County, New Jersey"
34039,3403913150,"Clark township, Union County, New Jersey",3403913150,"Clark township, Union County, New Jersey"
34039,3403915640,"Cranford township, Union County, New Jersey",3403915640,"Cranford township, Union County, New Jersey"
34039,3403921000,"Elizabeth city, Union County, New Jersey",3403921000,"Elizabeth city, Union County, New Jersey"
34039,3403922860,"Fanwood borough, Union County, New Jersey",3403922860,"Fanwood borough, Union County, New Jersey"
34039,3403925800,"Garwood borough, Union County, New Jersey",3403925800,"Garwood borough, Union County, New Jersey"
34039,3403931980,"Hillside township, Union County, New Jersey",3403931980,"Hillside township, Union County, New Jersey"
34039,3403936690,"Kenilworth borough, Union County, New Jersey",3403936690,"Kenilworth borough, Union County, New Jersey"
34039,3403940350,"Linden city, Union County, New Jersey",3403940350,"Linden city, Union County, New Jersey"
34039,3403948510,"Mountainside borough, Union County, New Jersey",3403948510,"Mountainside borough, Union County, New Jersey"
34039,3403951810,"New Providence borough, Union County, New Jersey",3403951810,"New Providence borough, Union County, New Jersey"
34039,3403959190,"Plainfield city, Union County, New Jersey",3403959190,"Plainfield city, Union County, New Jersey"
34039,3403961530,"Rahway city, Union County, New Jersey",3403961530,"Rahway city, Union County, New Jersey"
34039,3403964620,"Roselle borough, Union County, New Jersey",3403964620,"Roselle borough, Union County, New Jersey"
34039,3403964650,"Roselle Park borough, Union County, New Jersey",3403964650,"Roselle Park borough, Union County, New Jersey"
34039,3403966060,"Scotch Plains township, Union County, New Jersey",3403966060,"Scotch Plains township, Union County, New Jersey"
34039,3403970020,"Springfield township, Union County, New Jersey",3403970020,"Springfield township, Union County, New Jersey"
34039,3403971430,"Summit city, Union County, New Jersey",3403971430,"Summit city, Union County, New Jersey"
34039,3403974480,"Union township, Union County, New Jersey",3403974480,"Union township, Union County, New Jersey"
34039,3403979040,"Westfield town, Union County, New Jersey",3403979040,"Westfield town, Union County, New Jersey"
34039,3403981650,"Winfield township, Union County, New Jersey",3403981650,"Winfield township, Union County, New Jersey"
34041,3404100670,"Allamuchy township, Warren County, New Jersey",3404100670,"Allamuchy township, Warren County, New Jersey"
34041,3404101030,"Alpha borough, Warren County, New Jersey",3404101030,"Alpha borough, Warren County, New Jersey"
34041,3404104990,"Belvidere town, Warren County, New Jersey",3404104990,"Belvidere town, Warren County, New Jersey"
34041,3404106160,"Blairstown township, Warren County, New Jersey",3404106160,"Blairstown township, Warren County, New Jersey"
34041,3404124960,"Franklin township, Warren County, New Jersey",3404124960,"Franklin township, Warren County, New Jersey"
34041,3404125320,"Frelinghuysen township, Warren County, New Jersey",3404125320,"Frelinghuysen township, Warren County, New Jersey"
34041,3404128260,"Greenwich township, Warren County, New Jersey",3404128260,"Greenwich township, Warren County, New Jersey"
34041,3404128710,"Hackettstown town, Warren County, New Jersey",3404128710,"Hackettstown town, Warren County, New Jersey"
34041,3404129820,"Hardwick township, Warren County, New Jersey",3404129820,"Hardwick township, Warren County, New Jersey"
34041,3404130090,"Harmony township, Warren County, New Jersey",3404130090,"Harmony township, Warren County, New Jersey"
34041,3404133060,"Hope township, Warren County, New Jersey",3404133060,"Hope township, Warren County, New Jersey"
34041,3404133930,"Independence township, Warren County, New Jersey",3404133930,"Independence township, Warren County, New Jersey"
34041,3404137320,"Knowlton township, Warren County, New Jersey",3404137320,"Knowlton township, Warren County, New Jersey"
34041,3404140110,"Liberty township, Warren County, New Jersey",3404140110,"Liberty township, Warren County, New Jersey"
34041,3404141490,"Lopatcong township, Warren County, New Jersey",3404141490,"Lopatcong township, Warren County, New Jersey"
34041,3404143320,"Mansfield township, Warren County, New Jersey",3404143320,"Mansfield township, Warren County, New Jersey"
34041,3404155530,"Oxford township, Warren County, New Jersey",3404155530,"Oxford township, Warren County, New Jersey"
34041,3404158350,"Phillipsburg town, Warren County, New Jersey",3404158350,"Phillipsburg town, Warren County, New Jersey"
34041,3404159820,"Pohatcong township, Warren County, New Jersey",3404159820,"Pohatcong township, Warren County, New Jersey"
34041,3404177270,"Washington borough, Warren County, New Jersey",3404177270,"Washington borough, Warren County, New Jersey"
34041,3404177300,"Washington township, Warren County, New Jersey",3404177300,"Washington township, Warren County, New Jersey"
34041,3404180570,"White township, Warren County, New Jersey",3404180570,"White township, Warren County, New Jersey"
36005,3600508510,"Bronx borough, Bronx County, New York",3600508510,"Bronx borough, Bronx County, New York"
36027,3602701693,"Amenia town, Dutchess County, New York",3602701693,"Amenia town, Dutchess County, New York"
36027,3602705100,"Beacon city, Dutchess County, New York",3602705100,"Beacon city, Dutchess County, New York"
36027,3602705452,"Beekman town, Dutchess County, New York",3602705452,"Beekman town, Dutchess County, New York"
36027,3602716408,"Clinton town, Dutchess County, New York",3602716408,"Clinton town, Dutchess County, New York"
36027,3602720819,"Dover town, Dutchess County, New York",3602720819,"Dover town, Dutchess County, New York"
36027,3602721996,"East Fishkill town, Dutchess County, New York",3602721996,"East Fishkill town, Dutchess County, New York"
36027,3602725978,"Fishkill town, Dutchess County, New York",3602725978,"Fishkill town, Dutchess County, New York"
36027,3602737209,"Hyde Park town, Dutchess County, New York",3602737209,"Hyde Park town, Dutchess County, New York"
36027,3602740299,"La Grange town, Dutchess County, New York",3602740299,"La Grange town, Dutchess County, New York"
36027,3602747207,"Milan town, Dutchess County, New York",3602747207,"Milan town, Dutchess County, New York"
36027,3602751891,"North East town, Dutchess County, New York",3602751891,"North East town, Dutchess County, New York"
36027,3602756825,"Pawling town, Dutchess County, New York",3602756825,"Pawling town, Dutchess County, New York"
36027,3602758156,"Pine Plains town, Dutchess County, New York",3602758156,"Pine Plains town, Dutchess County, New York"
36027,3602758695,"Pleasant Valley town, Dutchess County, New York",3602758695,"Pleasant Valley town, Dutchess County, New York"
36027,3602759641,"Poughkeepsie city, Dutchess County, New York",3602759641,"Poughkeepsie city, Dutchess County, New York"
36027,3602759652,"Poughkeepsie town, Dutchess County, New York",3602759652,"Poughkeepsie town, Dutchess County, New York"
36027,3602760905,"Red Hook town, Dutchess County, New York",3602760905,"Red Hook town, Dutchess County, New York"
36027,3602761357,"Rhinebeck town, Dutchess County, New York",3602761357,"Rhinebeck town, Dutchess County, New York"
36027,3602770662,"Stanford town, Dutchess County, New York",3602770662,"Stanford town, Dutchess County, New York"
36027,3602776166,"Union Vale town, Dutchess County, New York",3602776166,"Union Vale town, Dutchess County, New York"
36027,3602778157,"Wappinger town, Dutchess County, New York",3602778157,"Wappinger town, Dutchess County, New York"
36027,3602778388,"Washington town, Dutchess County, New York",3602778388,"Washington town, Dutchess County, New York"
36047,3604710022,"Brooklyn borough, Kings County, New York",3604710022,"Brooklyn borough, Kings County, New York"
36059,3601011,"Albertson CDP, New York",3601011,"Albertson CDP, New York"
36059,3602968,"Atlantic Beach village, New York",3602968,"Atlantic Beach village, New York"
36059,3604143,"Baldwin CDP, New York",3604143,"Baldwin CDP, New York"
36059,3604154,"Baldwin Harbor CDP, New York",3604143,"Baldwin CDP, New York"
36059,3604550,"Barnum Island CDP, New York",3604550,"Barnum Island CDP, New York"
36059,3604803,"Baxter Estates village, New York",3604803,"Baxter Estates village, New York"
36059,3604891,"Bay Park CDP, New York",3604891,"Bay Park CDP, New York"
36059,3605034,"Bayville village, New York",3605034,"Bayville village, New York"
36059,3605639,"Bellerose village, New York",3605639,"Bellerose village, New York"
36059,3605661,"Bellerose Terrace CDP, New York",3605661,"Bellerose Terrace CDP, New York"
36059,3605738,"Bellmore CDP, New York",3605738,"Bellmore CDP, New York"
36059,3605929113,"Glen Cove city, Nassau County, New York",3605929113,"Glen Cove city, Nassau County, New York"
36059,3605934000,"Hempstead town, Nassau County, New York",3605934000,"Hempstead town, Nassau County, New York"
36059,3605943335,"Long Beach city, Nassau County, New York",3605943335,"Long Beach city, Nassau County, New York"
36059,3605953000,"North Hempstead town, Nassau County, New York",3605953000,"North Hempstead town, Nassau County, New York"
36059,3605956000,"Oyster Bay town, Nassau County, New York",3605956000,"Oyster Bay town, Nassau County, New York"
36059,3606387,"Bethpage CDP, New York",3606387,"Bethpage CDP, New York"
36059,3610132,"Brookville village, New York",3610132,"Brookville village, New York"
36059,3612419,"Carle Place CDP, New York",3612419,"Carle Place CDP, New York"
36059,3613233,"Cedarhurst village, New York",3613233,"Cedarhurst village, New York"
36059,3613618,"Centre Island village, New York",3613618,"Centre Island village, New York"
36059,3618597,"Cove Neck village, New York",3618597,"Cove Neck village, New York"
36059,3621578,"East Atlantic Beach CDP, New York",3621578,"East Atlantic Beach CDP, New York"
36059,3622065,"East Garden City CDP, New York",3676089,"Uniondale CDP, New York"
36059,3622260,"East Hills village, New York",3622260,"East Hills village, New York"
36059,3622480,"East Massapequa CDP, New York",3622480,"East Massapequa CDP, New York"
36059,3622502,"East Meadow CDP, New York",3622502,"East Meadow CDP, New York"
36059,3622623,"East Norwich CDP, New York",3622623,"East Norwich CDP, New York"
36059,3622876,"East Rockaway village, New York",3622876,"East Rockaway village, New York"
36059,3623217,"East Williston village, New York",3623217,"East Williston village, New York"
36059,3624273,"Elmont CDP, New York",3624273,"Elmont CDP, New York"
36059,3625384,"Farmingdale village, New York",3625384,"Farmingdale village, New York"
36059,3626264,"Floral Park village, New York",3626264,"Floral Park village, New York"
36059,3626352,"Flower Hill village, New York",3626352,"Flower Hill village, New York"
36059,3627309,"Franklin Square CDP, New York",3627309,"Franklin Square CDP, New York"
36059,3627485,"Freeport village, New York",3627485,"Freeport village, New York"
36059,3628178,"Garden City village, New York",3628178,"Garden City village, New York"
36059,3628189,"Garden City Park CDP, New York",3628189,"Garden City Park CDP, New York"
36059,3628200,"Garden City South CDP, New York",3628200,"Garden City South CDP, New York"
36059,3629113,"Glen Cove city, New York",3629113,"Glen Cove city, New York"
36059,3629245,"Glen Head CDP, New York",3629245,"Glen Head CDP, New York"
36059,3629421,"Glenwood Landing CDP, New York",3629421,"Glenwood Landing CDP, New York"
36059,3630169,"Great Neck village, New York",3630169,"Great Neck village, New York"
36059,3630191,"Great Neck Estates village, New York",3630191,"Great Neck Estates village, New York"
36059,3630202,"Great Neck Gardens CDP, New York",3630202,"Great Neck Gardens CDP, New York"
36059,3630213,"Great Neck Plaza village, New York",3630213,"Great Neck Plaza village, New York"
36059,3630598,"Greenvale CDP, New York",3630598,"Greenvale CDP, New York"
36059,3632094,"Harbor Hills CDP, New York",3632094,"Harbor Hills CDP, New York"
36059,3632105,"Harbor Isle CDP, New York",3632105,"Harbor Isle CDP, New York"
36059,3633139,"Hempstead village, New York",3633139,"Hempstead village, New York"
36059,3634198,"Herricks CDP, New York",3634198,"Herricks CDP, New York"
36059,3634286,"Hewlett CDP, New York",3634286,"Hewlett CDP, New York"
36059,3634297,"Hewlett Bay Park village, New York",3634297,"Hewlett Bay Park village, New York"
36059,3634308,"Hewlett Harbor village, New York",3634308,"Hewlett Harbor village, New York"
36059,3634319,"Hewlett Neck village, New York",3634319,"Hewlett Neck village, New York"
36059,3634374,"Hicksville CDP, New York",3634374,"Hicksville CDP, New York"
36059,3637583,"Inwood CDP, New York",3637583,"Inwood CDP, New York"
36059,3637847,"Island Park village, New York",3637847,"Island Park village, New York"
36059,3638539,"Jericho CDP, New York",3638539,"Jericho CDP, New York"
36059,3639309,"Kensington village, New York",3639309,"Kensington village, New York"
36059,3639694,"Kings Point village, New York",3639694,"Kings Point village, New York"
36059,3640937,"Lake Success village, New York",3640937,"Lake Success village, New York"
36059,3641003,"Lakeview CDP, New York",3641003,"Lakeview CDP, New York"
36059,3641432,"Lattingtown village, New York",3641432,"Lattingtown village, New York"
36059,3641487,"Laurel Hollow village, New York",3641487,"Laurel Hollow village, New York"
36059,3641553,"Lawrence village, New York",3641553,"Lawrence village, New York"
36059,3642081,"Levittown CDP, New York",3642081,"Levittown CDP, New York"
36059,3642279,"Lido Beach CDP, New York",3642279,"Lido Beach CDP, New York"
36059,3643192,"Locust Valley CDP, New York",3643192,"Locust Valley CDP, New York"
36059,3643335,"Long Beach city, New York",3643335,"Long Beach city, New York"
36059,3643874,"Lynbrook village, New York",3643874,"Lynbrook village, New York"
36059,3644787,"Malverne village, New York",3644787,"Malverne village, New York"
36059,3644792,"Malverne Park Oaks CDP, New York",3644792,"Malverne Park Oaks CDP, New York"
36059,3644897,"Manhasset CDP, New York",3644897,"Manhasset CDP, New York"
36059,3644908,"Manhasset Hills CDP, New York",3644908,"Manhasset Hills CDP, New York"
36059,3645106,"Manorhaven village, New York",3645106,"Manorhaven village, New York"
36059,3645986,"Massapequa CDP, New York",3645986,"Massapequa CDP, New York"
36059,3645997,"Massapequa Park village, New York",3645997,"Massapequa Park village, New York"
36059,3646107,"Matinecock village, New York",3646107,"Matinecock village, New York"
36059,3646668,"Merrick CDP, New York",3646668,"Merrick CDP, New York"
36059,3647405,"Mill Neck village, New York",3647405,"Mill Neck village, New York"
36059,3647636,"Mineola village, New York",3647636,"Mineola village, New York"
36059,3649231,"Munsey Park village, New York",3649231,"Munsey Park village, New York"
36059,3649330,"Muttontown village, New York",3649330,"Muttontown village, New York"
36059,3650067,"New Cassel CDP, New York",3650067,"New Cassel CDP, New York"
36059,3650397,"New Hyde Park village, New York",3650397,"New Hyde Park village, New York"
36059,3651517,"North Bellmore CDP, New York",3651517,"North Bellmore CDP, New York"
36059,3653022,"North Hills village, New York",3653022,"North Hills village, New York"
36059,3653231,"North Lynbrook CDP, New York",3653231,"North Lynbrook CDP, New York"
36059,3653253,"North Massapequa CDP, New York",3653253,"North Massapequa CDP, New York"
36059,3653264,"North Merrick CDP, New York",3653264,"North Merrick CDP, New York"
36059,3653275,"North New Hyde Park CDP, New York",3653275,"North New Hyde Park CDP, New York"
36059,3653748,"North Valley Stream CDP, New York",3653748,"North Valley Stream CDP, New York"
36059,3653792,"North Wantagh CDP, New York",3653792,"North Wantagh CDP, New York"
36059,3654441,"Oceanside CDP, New York",3654441,"Oceanside CDP, New York"
36059,3654551,"Old Bethpage CDP, New York",3654551,"Old Bethpage CDP, New York"
36059,3654562,"Old Brookville village, New York",3654562,"Old Brookville village, New York"
36059,3654705,"Old Westbury village, New York",3654705,"Old Westbury village, New York"
36059,3655992,"Oyster Bay CDP, New York",3655992,"Oyster Bay CDP, New York"
36059,3656011,"Oyster Bay Cove village, New York",3656011,"Oyster Bay Cove village, New York"
36059,3658409,"Plainedge CDP, New York",3658409,"Plainedge CDP, New York"
36059,3658442,"Plainview CDP, New York",3658442,"Plainview CDP, New York"
36059,3658475,"Plandome village, New York",3658475,"Plandome village, New York"
36059,3658486,"Plandome Heights village, New York",3658486,"Plandome Heights village, New York"
36059,3658497,"Plandome Manor village, New York",3658497,"Plandome Manor village, New York"
36059,3658849,"Point Lookout CDP, New York",3658849,"Point Lookout CDP, New York"
36059,3659520,"Port Washington CDP, New York",3659520,"Port Washington CDP, New York"
36059,3659531,"Port Washington North village, New York",3659531,"Port Washington North village, New York"
36059,3663264,"Rockville Centre village, New York",3663264,"Rockville Centre village, New York"
36059,3663506,"Roosevelt CDP, New York",3663506,"Roosevelt CDP, New York"
36059,3663770,"Roslyn village, New York",3663770,"Roslyn village, New York"
36059,3663792,"Roslyn Estates village, New York",3663792,"Roslyn Estates village, New York"
36059,3663803,"Roslyn Harbor village, New York",3663803,"Roslyn Harbor village, New York"
36059,3663814,"Roslyn Heights CDP, New York",3663814,"Roslyn Heights CDP, New York"
36059,3664232,"Russell Gardens village, New York",3664232,"Russell Gardens village, New York"
36059,3664430,"Saddle Rock village, New York",3664430,"Saddle Rock village, New York"
36059,3664441,"Saddle Rock Estates CDP, New York",3664441,"Saddle Rock Estates CDP, New York"
36059,3664842,"Salisbury CDP, New York",3664842,"Salisbury CDP, New York"
36059,3665035,"Sands Point village, New York",3665035,"Sands Point village, New York"
36059,3666047,"Sea Cliff village, New York",3666047,"Sea Cliff village, New York"
36059,3666058,"Seaford CDP, New York",3666058,"Seaford CDP, New York"
36059,3666102,"Searingtown CDP, New York",3666102,"Searingtown CDP, New York"
36059,3669001,"South Farmingdale CDP, New York",3669001,"South Farmingdale CDP, New York"
36059,3669023,"South Floral Park village, New York",3669023,"South Floral Park village, New York"
36059,3669188,"South Hempstead CDP, New York",3669188,"South Hempstead CDP, New York"
36059,3669892,"South Valley Stream CDP, New York",3669892,"South Valley Stream CDP, New York"
36059,3671267,"Stewart Manor village, New York",3671267,"Stewart Manor village, New York"
36059,3672554,"Syosset CDP, New York",3672554,"Syosset CDP, New York"
36059,3673605,"Thomaston village, New York",3673605,"Thomaston village, New York"
36059,3676089,"Uniondale CDP, New York",3676089,"Uniondale CDP, New York"
36059,3676287,"University Gardens CDP, New York",3676287,"University Gardens CDP, New York"
36059,3676331,"Upper Brookville village, New York",3676331,"Upper Brookville village, New York"
36059,3676705,"Valley Stream village, New York",3676705,"Valley Stream village, New York"
36059,3678146,"Wantagh CDP, New York",3678146,"Wantagh CDP, New York"
36059,3679444,"Westbury village, New York",3679444,"Westbury village, New York"
36059,3680225,"West Hempstead CDP, New York",3680225,"West Hempstead CDP, New York"
36059,3682117,"Williston Park village, New York",3682117,"Williston Park village, New York"
36059,3682744,"Woodbury CDP, New York",3682744,"Woodbury CDP, New York"
36059,3682942,"Woodmere CDP, New York",3682942,"Woodmere CDP, New York"
36059,3682986,"Woodsburgh village, New York",3682986,"Woodsburgh village, New York"
36061,3606144919,"Manhattan borough, New York County, New York",3606144919,"Manhattan borough, New York County, New York"
36071,3607107003,"Blooming Grove town, Orange County, New York",3607107003,"Blooming Grove town, Orange County, New York"
36071,3607115308,"Chester town, Orange County, New York",3607115308,"Chester town, Orange County, New York"
36071,3607118300,"Cornwall town, Orange County, New York",3607118300,"Cornwall town, Orange County, New York"
36071,3607118916,"Crawford town, Orange County, New York",3607118916,"Crawford town, Orange County, New York"
36071,3607119961,"Deerpark town, Orange County, New York",3607119961,"Deerpark town, Orange County, New York"
36071,3607129553,"Goshen town, Orange County, New York",3607129553,"Goshen town, Orange County, New York"
36071,3607130631,"Greenville town, Orange County, New York",3607130631,"Greenville town, Orange County, New York"
36071,3607131907,"Hamptonburgh town, Orange County, New York",3607131907,"Hamptonburgh town, Orange County, New York"
36071,3607134550,"Highlands town, Orange County, New York",3607134550,"Highlands town, Orange County, New York"
36071,3607147042,"Middletown city, Orange County, New York",3607147042,"Middletown city, Orange County, New York"
36071,3607147713,"Minisink town, Orange County, New York",3607147713,"Minisink town, Orange County, New York"
36071,3607147999,"Monroe town, Orange County, New York",3607147999,"Monroe town, Orange County, New York"
36071,3607148153,"Montgomery town, Orange County, New York",3607148153,"Montgomery town, Orange County, New York"
36071,3607148857,"Mount Hope town, Orange County, New York",3607148857,"Mount Hope town, Orange County, New York"
36071,3607150034,"Newburgh city, Orange County, New York",3607150034,"Newburgh city, Orange County, New York"
36071,3607150045,"Newburgh town, Orange County, New York",3607150045,"Newburgh town, Orange County, New York"
36071,3607150848,"New Windsor town, Orange County, New York",3607150848,"New Windsor town, Orange County, New York"
36071,3607159388,"Port Jervis city, Orange County, New York",3607159388,"Port Jervis city, Orange County, New York"
36071,3607175781,"Tuxedo town, Orange County, New York",3607175781,"Tuxedo town, Orange County, New York"
36071,3607177992,"Wallkill town, Orange County, New York",3607177992,"Wallkill town, Orange County, New York"
36071,3607178366,"Warwick town, Orange County, New York",3607178366,"Warwick town, Orange County, New York"
36071,3607178839,"Wawayanda town, Orange County, New York",3607178839,"Wawayanda town, Orange County, New York"
36071,3607182755,"Woodbury town, Orange County, New York",3607182755,"Woodbury town, Orange County, New York"
36079,3607912529,"Carmel town, Putnam County, New York",3607912529,"Carmel town, Putnam County, New York"
36079,3607939331,"Kent town, Putnam County, New York",3607939331,"Kent town, Putnam County, New York"
36079,3607956748,"Patterson town, Putnam County, New York",3607956748,"Patterson town, Putnam County, New York"
36079,3607957584,"Philipstown town, Putnam County, New York",3607957584,"Philipstown town, Putnam County, New York"
36079,3607960147,"Putnam Valley town, Putnam County, New York",3607960147,"Putnam Valley town, Putnam County, New York"
36079,3607968924,"Southeast town, Putnam County, New York",3607968924,"Southeast town, Putnam County, New York"
36081,3608160323,"Queens borough, Queens County, New York",3608160323,"Queens borough, Queens County, New York"
36085,3608570915,"Staten Island borough, Richmond County, New York",3608570915,"Staten Island borough, Richmond County, New York"
36087,3608715968,"Clarkstown town, Rockland County, New York",3608715968,"Clarkstown town, Rockland County, New York"
36087,3608732765,"Haverstraw town, Rockland County, New York",3608732765,"Haverstraw town, Rockland County, New York"
36087,3608755211,"Orangetown town, Rockland County, New York",3608755211,"Orangetown town, Rockland County, New York"
36087,3608760510,"Ramapo town, Rockland County, New York",3608760510,"Ramapo town, Rockland County, New York"
36087,3608771674,"Stony Point town, Rockland County, New York",3608771674,"Stony Point town, Rockland County, New York"
36103,3601594,"Amagansett CDP, New York",3601594,"Amagansett CDP, New York"
36103,3602044,"Amityville village, New York",3602044,"Amityville village, New York"
36103,3602374,"Aquebogue CDP, New York",3602374,"Aquebogue CDP, New York"
36103,3602737,"Asharoken village, New York",3602737,"Asharoken village, New York"
36103,3603408,"Babylon village, New York",3603408,"Babylon village, New York"
36103,3604055,"Baiting Hollow CDP, New York",3604055,"Baiting Hollow CDP, New York"
36103,3604913,"Bayport CDP, New York",3604913,"Bayport CDP, New York"
36103,3604935,"Bay Shore CDP, New York",3604935,"Bay Shore CDP, New York"
36103,3605039,"Baywood CDP, New York",3605039,"Baywood CDP, New York"
36103,3605672,"Belle Terre village, New York",3605672,"Belle Terre village, New York"
36103,3605771,"Bellport village, New York",3605771,"Bellport village, New York"
36103,3607069,"Blue Point CDP, New York",3607069,"Blue Point CDP, New York"
36103,3607157,"Bohemia CDP, New York",3607157,"Bohemia CDP, New York"
36103,3608026,"Brentwood CDP, New York",3608026,"Brentwood CDP, New York"
36103,3608136,"Bridgehampton CDP, New York",3608136,"Bridgehampton CDP, New York"
36103,3608323,"Brightwaters village, New York",3608323,"Brightwaters village, New York"
36103,3609000,"Brookhaven CDP, New York",3609000,"Brookhaven CDP, New York"
36103,3610304000,"Babylon town, Suffolk County, New York",3610304000,"Babylon town, Suffolk County, New York"
36103,3610310000,"Brookhaven town, Suffolk County, New York",3610310000,"Brookhaven town, Suffolk County, New York"
36103,3610322194,"East Hampton town, Suffolk County, New York",3610322194,"East Hampton town, Suffolk County, New York"
36103,3610337000,"Huntington town, Suffolk County, New York",3610337000,"Huntington town, Suffolk County, New York"
36103,3610338000,"Islip town, Suffolk County, New York",3610338000,"Islip town, Suffolk County, New York"
36103,3610359106,"Poospatuck Reservation, Suffolk County, New York",3610359106,"Poospatuck Reservation, Suffolk County, New York"
36103,3610361984,"Riverhead town, Suffolk County, New York",3610361984,"Riverhead town, Suffolk County, New York"
36103,3610366839,"Shelter Island town, Suffolk County, New York",3610366839,"Shelter Island town, Suffolk County, New York"
36103,3610367059,"Shinnecock Reservation, Suffolk County, New York",3610367059,"Shinnecock Reservation, Suffolk County, New York"
36103,3610368000,"Smithtown town, Suffolk County, New York",3610368000,"Smithtown town, Suffolk County, New York"
36103,3610368473,"Southampton town, Suffolk County, New York",3610368473,"Southampton town, Suffolk County, New York"
36103,3610369463,"Southold town, Suffolk County, New York",3610369463,"Southold town, Suffolk County, New York"
36103,3611781,"Calverton CDP, New York",3611781,"Calverton CDP, New York"
36103,3613376,"Centereach CDP, New York",3613376,"Centereach CDP, New York"
36103,3613420,"Center Moriches CDP, New York",3613420,"Center Moriches CDP, New York"
36103,3613442,"Centerport CDP, New York",3613442,"Centerport CDP, New York"
36103,3613552,"Central Islip CDP, New York",3613552,"Central Islip CDP, New York"
36103,3616958,"Cold Spring Harbor CDP, New York",3616958,"Cold Spring Harbor CDP, New York"
36103,3617530,"Commack CDP, New York",3617530,"Commack CDP, New York"
36103,3618146,"Copiague CDP, New York",3618146,"Copiague CDP, New York"
36103,3618157,"Coram CDP, New York",3618157,"Coram CDP, New York"
36103,3619466,"Cutchogue CDP, New York",3619466,"Cutchogue CDP, New York"
36103,3619972,"Deer Park CDP, New York",3619972,"Deer Park CDP, New York"
36103,3620379,"Dering Harbor village, New York",3620379,"Dering Harbor village, New York"
36103,3620687,"Dix Hills CDP, New York",3620687,"Dix Hills CDP, New York"
36103,3621985,"East Farmingdale CDP, New York",3621985,"East Farmingdale CDP, New York"
36103,3622183,"East Hampton village, New York",3622183,"East Hampton village, New York"
36103,3622200,"East Hampton North CDP, New York",3622200,"East Hampton North CDP, New York"
36103,3622315,"East Islip CDP, New York",3622315,"East Islip CDP, New York"
36103,3622447,"East Marion CDP, New York",3622447,"East Marion CDP, New York"
36103,3622546,"East Moriches CDP, New York",3622546,"East Moriches CDP, New York"
36103,3622612,"East Northport CDP, New York",3622612,"East Northport CDP, New York"
36103,3622733,"East Patchogue CDP, New York",3622733,"East Patchogue CDP, New York"
36103,3622810,"Eastport CDP, New York",3622810,"Eastport CDP, New York"
36103,3622832,"East Quogue CDP, New York",3622832,"East Quogue CDP, New York"
36103,3622980,"East Shoreham CDP, New York",3622980,"East Shoreham CDP, New York"
36103,3623316,"Eatons Neck CDP, New York",3623316,"Eatons Neck CDP, New York"
36103,3624405,"Elwood CDP, New York",3624405,"Elwood CDP, New York"
36103,3625417,"Farmingville CDP, New York",3625417,"Farmingville CDP, New York"
36103,3625839,"Fire Island CDP, New York",3625839,"Fire Island CDP, New York"
36103,3625923,"Fishers Island CDP, New York",3625923,"Fishers Island CDP, New York"
36103,3626121,"Flanders CDP, New York",3626121,"Flanders CDP, New York"
36103,3626946,"Fort Salonga CDP, New York",3626946,"Fort Salonga CDP, New York"
36103,3628997,"Gilgo-Oak Beach-Captree CDP, New York",3628997,"Gilgo-Oak Beach-Captree CDP, New York"
36103,3629509,"Gordon Heights CDP, New York",3629509,"Gordon Heights CDP, New York"
36103,3630235,"Great River CDP, New York",3630235,"Great River CDP, New York"
36103,3630543,"Greenlawn CDP, New York",3630543,"Greenlawn CDP, New York"
36103,3630576,"Greenport village, New York",3630576,"Greenport village, New York"
36103,3630581,"Greenport West CDP, New York",3630581,"Greenport West CDP, New York"
36103,3631445,"Halesite CDP, New York",3631445,"Halesite CDP, New York"
36103,3631896,"Hampton Bays CDP, New York",3631896,"Hampton Bays CDP, New York"
36103,3632732,"Hauppauge CDP, New York",3632732,"Hauppauge CDP, New York"
36103,3632963,"Head of the Harbor village, New York",3632963,"Head of the Harbor village, New York"
36103,3635056,"Holbrook CDP, New York",3635056,"Holbrook CDP, New York"
36103,3635254,"Holtsville CDP, New York",3635254,"Holtsville CDP, New York"
36103,3636233,"Huntington CDP, New York",3636233,"Huntington CDP, New York"
36103,3637022,"Huntington Bay village, New York",3637022,"Huntington Bay village, New York"
36103,3637044,"Huntington Station CDP, New York",3637044,"Huntington Station CDP, New York"
36103,3637840,"Islandia village, New York",3637840,"Islandia village, New York"
36103,3637869,"Islip CDP, New York",3637869,"Islip CDP, New York"
36103,3638022,"Islip Terrace CDP, New York",3638022,"Islip Terrace CDP, New York"
36103,3638253,"Jamesport CDP, New York",3638253,"Jamesport CDP, New York"
36103,3639672,"Kings Park CDP, New York",3639672,"Kings Park CDP, New York"
36103,3640530,"Lake Grove village, New York",3640530,"Lake Grove village, New York"
36103,3640838,"Lake Ronkonkoma CDP, New York",3640838,"Lake Ronkonkoma CDP, New York"
36103,3641465,"Laurel CDP, New York",3641465,"Laurel CDP, New York"
36103,3642554,"Lindenhurst village, New York",3642554,"Lindenhurst village, New York"
36103,3643005,"Lloyd Harbor village, New York",3643005,"Lloyd Harbor village, New York"
36103,3645139,"Manorville CDP, New York",3645139,"Manorville CDP, New York"
36103,3646074,"Mastic CDP, New York",3646074,"Mastic CDP, New York"
36103,3646085,"Mastic Beach CDP, New York",3646085,"Mastic Beach CDP, New York"
36103,3646140,"Mattituck CDP, New York",3646140,"Mattituck CDP, New York"
36103,3646404,"Medford CDP, New York",3646404,"Medford CDP, New York"
36103,3646514,"Melville CDP, New York",3646514,"Melville CDP, New York"
36103,3646976,"Middle Island CDP, New York",3646976,"Middle Island CDP, New York"
36103,3647306,"Miller Place CDP, New York",3647306,"Miller Place CDP, New York"
36103,3648054,"Montauk CDP, New York",3648054,"Montauk CDP, New York"
36103,3648450,"Moriches CDP, New York",3648450,"Moriches CDP, New York"
36103,3649066,"Mount Sinai CDP, New York",3649066,"Mount Sinai CDP, New York"
36103,3649424,"Napeague CDP, New York",3649424,"Napeague CDP, New York"
36103,3649825,"Nesconset CDP, New York",3649825,"Nesconset CDP, New York"
36103,3650727,"New Suffolk CDP, New York",3650727,"New Suffolk CDP, New York"
36103,3651286,"Nissequogue village, New York",3651286,"Nissequogue village, New York"
36103,3651396,"North Amityville CDP, New York",3651396,"North Amityville CDP, New York"
36103,3651418,"Northampton CDP, New York",3651418,"Northampton CDP, New York"
36103,3651440,"North Babylon CDP, New York",3651440,"North Babylon CDP, New York"
36103,3651495,"North Bay Shore CDP, New York",3651495,"North Bay Shore CDP, New York"
36103,3651528,"North Bellport CDP, New York",3651528,"North Bellport CDP, New York"
36103,3652078,"North Great River CDP, New York",3652078,"North Great River CDP, New York"
36103,3652188,"North Haven village, New York",3652188,"North Haven village, New York"
36103,3653198,"North Lindenhurst CDP, New York",3653198,"North Lindenhurst CDP, New York"
36103,3653319,"North Patchogue CDP, New York",3653319,"North Patchogue CDP, New York"
36103,3653396,"Northport village, New York",3653396,"Northport village, New York"
36103,3653561,"North Sea CDP, New York",3653561,"North Sea CDP, New York"
36103,3653775,"Northville CDP, New York",3653775,"Northville CDP, New York"
36103,3653852,"Northwest Harbor CDP, New York",3653852,"Northwest Harbor CDP, New York"
36103,3654056,"Noyack CDP, New York",3654056,"Noyack CDP, New York"
36103,3654144,"Oakdale CDP, New York",3654144,"Oakdale CDP, New York"
36103,3654430,"Ocean Beach village, New York",3654430,"Ocean Beach village, New York"
36103,3654617,"Old Field village, New York",3654617,"Old Field village, New York"
36103,3655321,"Orient CDP, New York",3655321,"Orient CDP, New York"
36103,3656660,"Patchogue village, New York",3656660,"Patchogue village, New York"
36103,3656968,"Peconic CDP, New York",3656968,"Peconic CDP, New York"
36103,3659157,"Poquott village, New York",3659157,"Poquott village, New York"
36103,3659355,"Port Jefferson village, New York",3659355,"Port Jefferson village, New York"
36103,3659377,"Port Jefferson Station CDP, New York",3659377,"Port Jefferson Station CDP, New York"
36103,3660411,"Quioque CDP, New York",3660408,"Quiogue CDP, New York"
36103,3660422,"Quogue village, New York",3660422,"Quogue village, New York"
36103,3661142,"Remsenburg-Speonk CDP, New York",3661142,"Remsenburg-Speonk CDP, New York"
36103,3661665,"Ridge CDP, New York",3661665,"Ridge CDP, New York"
36103,3661973,"Riverhead CDP, New York",3661973,"Riverhead CDP, New York"
36103,3662066,"Riverside CDP, New York",3662066,"Riverside CDP, New York"
36103,3663319,"Rocky Point CDP, New York",3663319,"Rocky Point CDP, New York"
36103,3663473,"Ronkonkoma CDP, New York",3663473,"Ronkonkoma CDP, New York"
36103,3664452,"Sagaponack CDP, New York",3664452,"Sagaponack village, New York"
36103,3664485,"Sag Harbor village, New York",3664485,"Sag Harbor village, New York"
36103,3664584,"St. James CDP, New York",3664584,"St. James CDP, New York"
36103,3664881,"Saltaire village, New York",3664881,"Saltaire village, New York"
36103,3665409,"Sayville CDP, New York",3665409,"Sayville CDP, New York"
36103,3666212,"Selden CDP, New York",3666212,"Selden CDP, New York"
36103,3666481,"Setauket-East Setauket CDP, New York",3666481,"Setauket-East Setauket CDP, New York"
36103,3666828,"Shelter Island CDP, New York",3666828,"Shelter Island CDP, New York"
36103,3666850,"Shelter Island Heights CDP, New York",3666850,"Shelter Island Heights CDP, New York"
36103,3667048,"Shinnecock Hills CDP, New York",3667048,"Shinnecock Hills CDP, New York"
36103,3667070,"Shirley CDP, New York",3667070,"Shirley CDP, New York"
36103,3667191,"Shoreham village, New York",3667191,"Shoreham village, New York"
36103,3667851,"Smithtown CDP, New York",3667851,"Smithtown CDP, New York"
36103,3668374,"Sound Beach CDP, New York",3668374,"Sound Beach CDP, New York"
36103,3668462,"Southampton village, New York",3668462,"Southampton village, New York"
36103,3669254,"South Huntington CDP, New York",3669254,"South Huntington CDP, New York"
36103,3669452,"Southold CDP, New York",3669452,"Southold CDP, New York"
36103,3670387,"Springs CDP, New York",3670387,"Springs CDP, New York"
36103,3671608,"Stony Brook CDP, New York",3671608,"Stony Brook CDP, New York"
36103,3673352,"Terryville CDP, New York",3673352,"Terryville CDP, New York"
36103,3675572,"Tuckahoe CDP, New York",3675572,"Tuckahoe CDP, New York"
36103,3677519,"Village of the Branch village, New York",3677519,"Village of the Branch village, New York"
36103,3677772,"Wading River CDP, New York",3677772,"Wading River CDP, New York"
36103,3677805,"Wainscott CDP, New York",3677805,"Wainscott CDP, New York"
36103,3678575,"Watermill CDP, New York",3678575,"Water Mill CDP, New York"
36103,3679246,"West Babylon CDP, New York",3679246,"West Babylon CDP, New York"
36103,3679301,"West Bay Shore CDP, New York",3679301,"West Bay Shore CDP, New York"
36103,3680170,"Westhampton CDP, New York",3680170,"Westhampton CDP, New York"
36103,3680181,"Westhampton Beach village, New York",3680181,"Westhampton Beach village, New York"
36103,3680186,"West Hampton Dunes village, New York",3680186,"West Hampton Dunes village, New York"
36103,3680258,"West Hills CDP, New York",3680258,"West Hills CDP, New York"
36103,3680302,"West Islip CDP, New York",3680302,"West Islip CDP, New York"
36103,3680885,"West Sayville CDP, New York",3680885,"West Sayville CDP, New York"
36103,3681419,"Wheatley Heights CDP, New York",3681419,"Wheatley Heights CDP, New York"
36103,3683294,"Wyandanch CDP, New York",3683294,"Wyandanch CDP, New York"
36103,3683426,"Yaphank CDP, New York",3683426,"Yaphank CDP, New York"
36105,3610506310,"Bethel town, Sullivan County, New York",3610506310,"Bethel town, Sullivan County, New York"
36105,3610511759,"Callicoon town, Sullivan County, New York",3610511759,"Callicoon town, Sullivan County, New York"
36105,3610516661,"Cochecton town, Sullivan County, New York",3610516661,"Cochecton town, Sullivan County, New York"
36105,3610520104,"Delaware town, Sullivan County, New York",3610520104,"Delaware town, Sullivan County, New York"
36105,3610525241,"Fallsburg town, Sullivan County, New York",3610525241,"Fallsburg town, Sullivan County, New York"
36105,3610526528,"Forestburgh town, Sullivan County, New York",3610526528,"Forestburgh town, Sullivan County, New York"
36105,3610527573,"Fremont town, Sullivan County, New York",3610527573,"Fremont town, Sullivan County, New York"
36105,3610534473,"Highland town, Sullivan County, New York",3610534473,"Highland town, Sullivan County, New York"
36105,3610542235,"Liberty town, Sullivan County, New York",3610542235,"Liberty town, Sullivan County, New York"
36105,3610543786,"Lumberland town, Sullivan County, New York",3610543786,"Lumberland town, Sullivan County, New York"
36105,3610544809,"Mamakating town, Sullivan County, New York",3610544809,"Mamakating town, Sullivan County, New York"
36105,3610549847,"Neversink town, Sullivan County, New York",3610549847,"Neversink town, Sullivan County, New York"
36105,3610563176,"Rockland town, Sullivan County, New York",3610563176,"Rockland town, Sullivan County, New York"
36105,3610573627,"Thompson town, Sullivan County, New York",3610573627,"Thompson town, Sullivan County, New York"
36105,3610575759,"Tusten town, Sullivan County, New York",3610575759,"Tusten town, Sullivan County, New York"
36111,3611120247,"Denning town, Ulster County, New York",3611120247,"Denning town, Ulster County, New York"
36111,3611124691,"Esopus town, Ulster County, New York",3611124691,"Esopus town, Ulster County, New York"
36111,3611128255,"Gardiner town, Ulster County, New York",3611128255,"Gardiner town, Ulster County, New York"
36111,3611132116,"Hardenburgh town, Ulster County, New York",3611132116,"Hardenburgh town, Ulster County, New York"
36111,3611137143,"Hurley town, Ulster County, New York",3611137143,"Hurley town, Ulster County, New York"
36111,3611139727,"Kingston city, Ulster County, New York",3611139727,"Kingston city, Ulster County, New York"
36111,3611139738,"Kingston town, Ulster County, New York",3611139738,"Kingston town, Ulster County, New York"
36111,3611142994,"Lloyd town, Ulster County, New York",3611142994,"Lloyd town, Ulster County, New York"
36111,3611145458,"Marbletown town, Ulster County, New York",3611145458,"Marbletown town, Ulster County, New York"
36111,3611145722,"Marlborough town, Ulster County, New York",3611145722,"Marlborough town, Ulster County, New York"
36111,3611150562,"New Paltz town, Ulster County, New York",3611150562,"New Paltz town, Ulster County, New York"
36111,3611154749,"Olive town, Ulster County, New York",3611154749,"Olive town, Ulster County, New York"
36111,3611158552,"Plattekill town, Ulster County, New York",3611158552,"Plattekill town, Ulster County, New York"
36111,3611163011,"Rochester town, Ulster County, New York",3611163011,"Rochester town, Ulster County, New York"
36111,3611163737,"Rosendale town, Ulster County, New York",3611163737,"Rosendale town, Ulster County, New York"
36111,3611165299,"Saugerties town, Ulster County, New York",3611165299,"Saugerties town, Ulster County, New York"
36111,3611166597,"Shandaken town, Ulster County, New York",3611166597,"Shandaken town, Ulster County, New York"
36111,3611166674,"Shawangunk town, Ulster County, New York",3611166674,"Shawangunk town, Ulster County, New York"
36111,3611175935,"Ulster town, Ulster County, New York",3611175935,"Ulster town, Ulster County, New York"
36111,3611178828,"Wawarsing town, Ulster County, New York",3611178828,"Wawarsing town, Ulster County, New York"
36111,3611183052,"Woodstock town, Ulster County, New York",3611183052,"Woodstock town, Ulster County, New York"
36119,3611905320,"Bedford town, Westchester County, New York",3611905320,"Bedford town, Westchester County, New York"
36119,3611918410,"Cortlandt town, Westchester County, New York",3611918410,"Cortlandt town, Westchester County, New York"
36119,3611921820,"Eastchester town, Westchester County, New York",3611921820,"Eastchester town, Westchester County, New York"
36119,3611930367,"Greenburgh town, Westchester County, New York",3611930367,"Greenburgh town, Westchester County, New York"
36119,3611932413,"Harrison town, Westchester County, New York",3611932413,"Harrison town, Westchester County, New York"
36119,3611942136,"Lewisboro town, Westchester County, New York",3611942136,"Lewisboro town, Westchester County, New York"
36119,3611944842,"Mamaroneck town, Westchester County, New York",3611944842,"Mamaroneck town, Westchester County, New York"
36119,3611948895,"Mount Kisco town, Westchester County, New York",3611948895,"Mount Kisco town, Westchester County, New York"
36119,3611949011,"Mount Pleasant town, Westchester County, New York",3611949011,"Mount Pleasant town, Westchester County, New York"
36119,3611949121,"Mount Vernon city, Westchester County, New York",3611949121,"Mount Vernon city, Westchester County, New York"
36119,3611950078,"New Castle town, Westchester County, New York",3611950078,"New Castle town, Westchester County, New York"
36119,3611950617,"New Rochelle city, Westchester County, New York",3611950617,"New Rochelle city, Westchester County, New York"
36119,3611951693,"North Castle town, Westchester County, New York",3611951693,"North Castle town, Westchester County, New York"
36119,3611953517,"North Salem town, Westchester County, New York",3611953517,"North Salem town, Westchester County, New York"
36119,3611955541,"Ossining town, Westchester County, New York",3611955541,"Ossining town, Westchester County, New York"
36119,3611956979,"Peekskill city, Westchester County, New York",3611956979,"Peekskill city, Westchester County, New York"
36119,3611957012,"Pelham town, Westchester County, New York",3611957012,"Pelham town, Westchester County, New York"
36119,3611959685,"Pound Ridge town, Westchester County, New York",3611959685,"Pound Ridge town, Westchester County, New York"
36119,3611964309,"Rye city, Westchester County, New York",3611964309,"Rye city, Westchester County, New York"
36119,3611964320,"Rye town, Westchester County, New York",3611964320,"Rye town, Westchester County, New York"
36119,3611965442,"Scarsdale town, Westchester County, New York",3611965442,"Scarsdale town, Westchester County, New York"
36119,3611968308,"Somers town, Westchester County, New York",3611968308,"Somers town, Westchester County, New York"
36119,3611981677,"White Plains city, Westchester County, New York",3611981677,"White Plains city, Westchester County, New York"
36119,3611984000,"Yonkers city, Westchester County, New York",3611984000,"Yonkers city, Westchester County, New York"
36119,3611984077,"Yorktown town, Westchester County, New York",3611984077,"Yorktown town, Westchester County, New York"